user_id,signup_date,acquisition_channel,subscription_plan
USR_0001,2026-04-30,Paid_Social,Pro
USR_0002,2026-01-01,Creator_Referral,Free
USR_0003,2026-05-24,Search_Ads,Pro
USR_0004,2026-04-06,Paid_Social,Free
USR_0005,2025-05-30,Organic,Free
USR_0006,2026-06-24,Search_Ads,Free
USR_0007,2026-04-26,Creator_Referral,Free
USR_0008,2026-05-03,Organic,Free
USR_0009,2025-07-02,Organic,Free
USR_0010,2026-01-06,Paid_Social,Free
USR_0011,2025-12-01,Organic,Free
USR_0012,2026-06-12,Organic,Free
USR_0013,2026-03-19,Organic,Creator_Tier
USR_0014,2026-05-14,Creator_Referral,Free
USR_0015,2026-01-03,Creator_Referral,Free
USR_0016,2025-09-14,Creator_Referral,Free
USR_0017,2026-02-16,Organic,Free
USR_0018,2025-04-25,Organic,Free
USR_0019,2026-05-15,Paid_Social,Free
USR_0020,2026-03-15,Creator_Referral,Pro
USR_0021,2026-04-25,Paid_Social,Free
USR_0022,2025-11-24,Organic,Free
USR_0023,2026-06-23,Organic,Free
USR_0024,2026-06-02,Organic,Creator_Tier
USR_0025,2026-05-01,Creator_Referral,Pro
USR_0026,2025-08-23,Creator_Referral,Creator_Tier
USR_0027,2026-01-13,Paid_Social,Pro
USR_0028,2025-03-29,Creator_Referral,Pro
USR_0029,2025-07-24,Creator_Referral,Free
USR_0030,2026-04-01,Creator_Referral,Creator_Tier
USR_0031,2026-04-21,Organic,Free
USR_0032,2026-06-22,Creator_Referral,Free
USR_0033,2025-11-09,Organic,Free
USR_0034,2025-12-01,Creator_Referral,Free
USR_0035,2026-01-14,Organic,Free
USR_0036,2025-08-19,Paid_Social,Free
USR_0037,2025-07-03,Search_Ads,Free
USR_0038,2026-01-17,Organic,Pro
USR_0039,2025-09-14,Paid_Social,Free
USR_0040,2026-03-28,Paid_Social,Pro
USR_0041,2025-12-31,Organic,Free
USR_0042,2026-05-17,Paid_Social,Pro
USR_0043,2026-04-07,Paid_Social,Free
USR_0044,2025-11-02,Search_Ads,Creator_Tier
USR_0045,2026-05-17,Search_Ads,Free
USR_0046,2026-05-09,Organic,Free
USR_0047,2025-12-09,Creator_Referral,Free
USR_0048,2025-10-20,Creator_Referral,Free
USR_0049,2026-04-01,Organic,Free
USR_0050,2025-07-12,Organic,Pro
USR_0051,2025-08-27,Search_Ads,Creator_Tier
USR_0052,2025-01-20,Organic,Pro
USR_0053,2026-05-03,Creator_Referral,Free
USR_0054,2026-03-26,Paid_Social,Free
USR_0055,2026-04-08,Organic,Pro
USR_0056,2026-05-02,Creator_Referral,Pro
USR_0057,2026-01-10,Search_Ads,Free
USR_0058,2026-02-21,Creator_Referral,Creator_Tier
USR_0059,2025-07-12,Organic,Free
USR_0060,2025-06-19,Organic,Pro
USR_0061,2026-03-28,Search_Ads,Creator_Tier
USR_0062,2026-01-15,Organic,Pro
USR_0063,2026-02-20,Creator_Referral,Free
USR_0064,2026-04-27,Organic,Free
USR_0065,2026-03-16,Creator_Referral,Free
USR_0066,2026-02-16,Search_Ads,Pro
USR_0067,2026-02-18,Creator_Referral,Free
USR_0068,2025-10-29,Search_Ads,Pro
USR_0069,2025-03-08,Organic,Creator_Tier
USR_0070,2025-12-31,Creator_Referral,Free
USR_0071,2025-09-06,Search_Ads,Free
USR_0072,2025-12-19,Creator_Referral,Free
USR_0073,2026-05-23,Organic,Free
USR_0074,2025-09-18,Search_Ads,Free
USR_0075,2025-04-18,Creator_Referral,Free
USR_0076,2025-10-16,Creator_Referral,Free
USR_0077,2025-10-23,Search_Ads,Free
USR_0078,2026-03-25,Organic,Free
USR_0079,2026-02-17,Organic,Free
USR_0080,2026-05-03,Organic,Free
USR_0081,2026-03-26,Creator_Referral,Free
USR_0082,2025-12-18,Organic,Free
USR_0083,2026-05-11,Paid_Social,Pro
USR_0084,2025-08-03,Organic,Free
USR_0085,2025-02-21,Paid_Social,Free
USR_0086,2025-05-26,Organic,Creator_Tier
USR_0087,2026-04-14,Creator_Referral,Free
USR_0088,2026-01-11,Organic,Free
USR_0089,2025-07-29,Paid_Social,Free
USR_0090,2026-01-27,Creator_Referral,Free
USR_0091,2025-07-22,Creator_Referral,Free
USR_0092,2026-04-06,Search_Ads,Pro
USR_0093,2026-01-04,Creator_Referral,Pro
USR_0094,2025-12-06,Organic,Free
USR_0095,2025-10-27,Search_Ads,Free
USR_0096,2026-03-15,Organic,Free
USR_0097,2025-11-27,Organic,Free
USR_0098,2025-05-23,Creator_Referral,Free
USR_0099,2025-06-23,Organic,Pro
USR_0100,2026-06-21,Organic,Creator_Tier
USR_0101,2026-06-07,Paid_Social,Free
USR_0102,2026-04-07,Organic,Pro
USR_0103,2025-10-07,Paid_Social,Free
USR_0104,2026-06-23,Search_Ads,Free
USR_0105,2026-05-01,Paid_Social,Creator_Tier
USR_0106,2026-04-12,Paid_Social,Free
USR_0107,2026-01-06,Paid_Social,Pro
USR_0108,2025-10-11,Search_Ads,Pro
USR_0109,2025-06-01,Organic,Creator_Tier
USR_0110,2026-06-05,Organic,Free
USR_0111,2026-01-08,Creator_Referral,Free
USR_0112,2025-08-28,Creator_Referral,Pro
USR_0113,2025-10-30,Organic,Pro
USR_0114,2026-02-25,Paid_Social,Free
USR_0115,2025-08-10,Organic,Pro
USR_0116,2026-05-23,Search_Ads,Free
USR_0117,2026-04-25,Organic,Free
USR_0118,2026-04-13,Organic,Pro
USR_0119,2025-12-29,Organic,Free
USR_0120,2026-03-14,Organic,Free
USR_0121,2026-02-27,Organic,Creator_Tier
USR_0122,2026-03-21,Organic,Pro
USR_0123,2025-05-20,Organic,Pro
USR_0124,2025-12-22,Organic,Free
USR_0125,2025-03-25,Creator_Referral,Creator_Tier
USR_0126,2026-01-24,Creator_Referral,Free
USR_0127,2025-11-11,Organic,Free
USR_0128,2025-07-16,Organic,Free
USR_0129,2025-06-08,Organic,Pro
USR_0130,2026-02-28,Organic,Creator_Tier
USR_0131,2025-08-05,Organic,Pro
USR_0132,2026-06-11,Paid_Social,Free
USR_0133,2026-02-26,Search_Ads,Free
USR_0134,2025-11-20,Search_Ads,Free
USR_0135,2026-03-01,Creator_Referral,Free
USR_0136,2025-02-21,Creator_Referral,Free
USR_0137,2026-06-20,Organic,Free
USR_0138,2026-01-19,Paid_Social,Pro
USR_0139,2026-05-02,Paid_Social,Pro
USR_0140,2025-05-18,Paid_Social,Pro
USR_0141,2026-01-21,Search_Ads,Free
USR_0142,2026-01-23,Creator_Referral,Free
USR_0143,2026-06-14,Paid_Social,Free
USR_0144,2026-02-22,Paid_Social,Free
USR_0145,2026-01-16,Organic,Free
USR_0146,2025-10-08,Search_Ads,Free
USR_0147,2025-11-12,Organic,Free
USR_0148,2026-02-03,Search_Ads,Pro
USR_0149,2026-01-01,Paid_Social,Free
USR_0150,2025-02-19,Organic,Free
USR_0151,2026-05-15,Paid_Social,Free
USR_0152,2026-06-03,Organic,Free
USR_0153,2025-07-12,Paid_Social,Free
USR_0154,2026-02-16,Paid_Social,Free
USR_0155,2025-06-14,Paid_Social,Free
USR_0156,2026-03-29,Search_Ads,Free
USR_0157,2025-10-16,Organic,Creator_Tier
USR_0158,2026-03-25,Organic,Free
USR_0159,2026-04-15,Creator_Referral,Free
USR_0160,2026-04-28,Organic,Free
USR_0161,2025-06-13,Creator_Referral,Free
USR_0162,2026-06-09,Organic,Free
USR_0163,2025-09-16,Creator_Referral,Pro
USR_0164,2025-03-19,Creator_Referral,Free
USR_0165,2026-02-16,Search_Ads,Free
USR_0166,2025-12-02,Organic,Free
USR_0167,2026-05-16,Search_Ads,Free
USR_0168,2026-05-10,Creator_Referral,Free
USR_0169,2025-11-05,Organic,Free
USR_0170,2026-06-18,Creator_Referral,Free
USR_0171,2025-10-22,Creator_Referral,Creator_Tier
USR_0172,2026-02-01,Organic,Pro
USR_0173,2025-10-02,Creator_Referral,Creator_Tier
USR_0174,2026-06-14,Organic,Free
USR_0175,2025-08-01,Creator_Referral,Pro
USR_0176,2025-03-30,Creator_Referral,Free
USR_0177,2025-12-31,Creator_Referral,Free
USR_0178,2026-06-29,Paid_Social,Creator_Tier
USR_0179,2026-06-02,Organic,Pro
USR_0180,2026-04-22,Search_Ads,Pro
USR_0181,2026-06-02,Paid_Social,Pro
USR_0182,2026-06-03,Search_Ads,Free
USR_0183,2026-02-03,Paid_Social,Pro
USR_0184,2025-11-04,Organic,Free
USR_0185,2026-04-29,Creator_Referral,Creator_Tier
USR_0186,2026-03-25,Organic,Pro
USR_0187,2025-12-03,Paid_Social,Free
USR_0188,2025-05-30,Creator_Referral,Free
USR_0189,2026-04-21,Organic,Free
USR_0190,2025-10-05,Search_Ads,Free
USR_0191,2026-06-14,Organic,Free
USR_0192,2025-09-22,Creator_Referral,Pro
USR_0193,2025-06-27,Paid_Social,Free
USR_0194,2026-05-16,Organic,Pro
USR_0195,2025-07-23,Creator_Referral,Free
USR_0196,2025-08-12,Paid_Social,Free
USR_0197,2026-03-04,Organic,Free
USR_0198,2026-05-28,Creator_Referral,Pro
USR_0199,2025-08-24,Organic,Free
USR_0200,2025-11-01,Paid_Social,Free
USR_0201,2026-05-01,Organic,Free
USR_0202,2026-06-23,Search_Ads,Pro
USR_0203,2026-01-27,Search_Ads,Free
USR_0204,2025-07-15,Organic,Free
USR_0205,2025-02-04,Organic,Pro
USR_0206,2025-09-15,Creator_Referral,Pro
USR_0207,2025-07-05,Paid_Social,Free
USR_0208,2026-03-31,Creator_Referral,Free
USR_0209,2025-06-26,Organic,Free
USR_0210,2026-01-29,Organic,Free
USR_0211,2026-04-05,Search_Ads,Pro
USR_0212,2026-02-26,Creator_Referral,Free
USR_0213,2025-08-27,Search_Ads,Free
USR_0214,2026-05-08,Creator_Referral,Free
USR_0215,2026-04-12,Search_Ads,Free
USR_0216,2026-04-19,Organic,Free
USR_0217,2025-07-04,Organic,Pro
USR_0218,2025-06-28,Search_Ads,Free
USR_0219,2026-06-12,Search_Ads,Creator_Tier
USR_0220,2025-12-14,Organic,Pro
USR_0221,2025-10-27,Creator_Referral,Free
USR_0222,2026-01-22,Creator_Referral,Free
USR_0223,2026-03-26,Creator_Referral,Free
USR_0224,2026-06-19,Organic,Free
USR_0225,2025-10-19,Search_Ads,Free
USR_0226,2026-06-11,Organic,Pro
USR_0227,2025-02-25,Paid_Social,Free
USR_0228,2026-02-16,Organic,Free
USR_0229,2026-03-16,Organic,Free
USR_0230,2025-06-11,Paid_Social,Free
USR_0231,2025-07-12,Organic,Creator_Tier
USR_0232,2025-12-24,Paid_Social,Free
USR_0233,2026-06-22,Organic,Pro
USR_0234,2026-03-03,Search_Ads,Pro
USR_0235,2026-06-13,Paid_Social,Free
USR_0236,2026-05-09,Search_Ads,Free
USR_0237,2026-01-13,Organic,Free
USR_0238,2026-05-03,Organic,Pro
USR_0239,2025-02-12,Creator_Referral,Free
USR_0240,2025-06-14,Creator_Referral,Pro
USR_0241,2026-05-16,Organic,Pro
USR_0242,2026-05-06,Organic,Pro
USR_0243,2025-09-17,Creator_Referral,Free
USR_0244,2026-02-07,Organic,Free
USR_0245,2026-03-07,Creator_Referral,Pro
USR_0246,2026-05-27,Organic,Free
USR_0247,2026-03-05,Organic,Pro
USR_0248,2025-12-21,Paid_Social,Free
USR_0249,2025-12-03,Creator_Referral,Free
USR_0250,2025-12-27,Organic,Pro
USR_0251,2026-03-22,Creator_Referral,Free
USR_0252,2026-05-26,Paid_Social,Free
USR_0253,2026-01-08,Creator_Referral,Free
USR_0254,2025-09-27,Creator_Referral,Free
USR_0255,2025-09-20,Search_Ads,Pro
USR_0256,2026-04-21,Creator_Referral,Free
USR_0257,2026-05-12,Search_Ads,Free
USR_0258,2025-06-10,Paid_Social,Free
USR_0259,2025-04-29,Organic,Creator_Tier
USR_0260,2026-03-02,Creator_Referral,Free
USR_0261,2025-07-17,Paid_Social,Creator_Tier
USR_0262,2026-05-14,Search_Ads,Pro
USR_0263,2025-11-01,Creator_Referral,Free
USR_0264,2025-07-15,Organic,Pro
USR_0265,2026-06-10,Creator_Referral,Pro
USR_0266,2025-08-02,Organic,Free
USR_0267,2025-10-18,Paid_Social,Free
USR_0268,2025-07-23,Creator_Referral,Pro
USR_0269,2025-06-20,Paid_Social,Pro
USR_0270,2025-02-18,Search_Ads,Pro
USR_0271,2025-04-14,Paid_Social,Creator_Tier
USR_0272,2025-08-09,Paid_Social,Free
USR_0273,2025-04-11,Paid_Social,Pro
USR_0274,2026-03-01,Paid_Social,Pro
USR_0275,2026-04-01,Search_Ads,Free
USR_0276,2025-12-12,Organic,Free
USR_0277,2025-11-05,Creator_Referral,Free
USR_0278,2026-01-28,Organic,Pro
USR_0279,2026-05-29,Search_Ads,Free
USR_0280,2026-05-22,Paid_Social,Pro
USR_0281,2025-03-28,Creator_Referral,Free
USR_0282,2025-08-14,Organic,Free
USR_0283,2025-09-20,Organic,Free
USR_0284,2025-09-28,Paid_Social,Free
USR_0285,2026-02-22,Organic,Pro
USR_0286,2025-12-22,Organic,Free
USR_0287,2025-04-06,Search_Ads,Creator_Tier
USR_0288,2025-12-03,Paid_Social,Free
USR_0289,2026-02-04,Organic,Creator_Tier
USR_0290,2025-06-07,Organic,Free
USR_0291,2026-05-17,Search_Ads,Free
USR_0292,2025-04-09,Paid_Social,Free
USR_0293,2026-06-11,Paid_Social,Free
USR_0294,2025-06-04,Organic,Free
USR_0295,2026-05-20,Organic,Pro
USR_0296,2026-06-05,Organic,Free
USR_0297,2026-06-25,Paid_Social,Free
USR_0298,2026-05-08,Organic,Free
USR_0299,2026-05-01,Organic,Free
USR_0300,2026-03-19,Paid_Social,Pro
USR_0301,2026-05-01,Search_Ads,Free
USR_0302,2025-07-07,Paid_Social,Pro
USR_0303,2026-02-09,Creator_Referral,Creator_Tier
USR_0304,2026-02-01,Creator_Referral,Free
USR_0305,2026-05-24,Creator_Referral,Free
USR_0306,2026-01-11,Organic,Free
USR_0307,2025-12-08,Creator_Referral,Free
USR_0308,2026-03-18,Creator_Referral,Free
USR_0309,2025-10-08,Creator_Referral,Creator_Tier
USR_0310,2025-07-12,Search_Ads,Free
USR_0311,2026-01-17,Search_Ads,Free
USR_0312,2025-12-23,Organic,Pro
USR_0313,2025-09-17,Creator_Referral,Free
USR_0314,2025-11-30,Organic,Pro
USR_0315,2025-11-29,Creator_Referral,Free
USR_0316,2025-11-10,Organic,Free
USR_0317,2025-12-06,Organic,Creator_Tier
USR_0318,2026-04-02,Paid_Social,Pro
USR_0319,2025-10-25,Creator_Referral,Pro
USR_0320,2026-06-17,Search_Ads,Free
USR_0321,2026-06-09,Organic,Pro
USR_0322,2026-01-19,Organic,Free
USR_0323,2025-11-11,Creator_Referral,Free
USR_0324,2026-02-09,Organic,Free
USR_0325,2026-05-21,Organic,Free
USR_0326,2026-03-22,Search_Ads,Free
USR_0327,2026-05-09,Organic,Free
USR_0328,2026-02-08,Organic,Pro
USR_0329,2026-03-16,Creator_Referral,Pro
USR_0330,2025-10-20,Creator_Referral,Creator_Tier
USR_0331,2026-04-18,Creator_Referral,Free
USR_0332,2025-08-28,Creator_Referral,Creator_Tier
USR_0333,2026-04-05,Paid_Social,Free
USR_0334,2026-05-25,Organic,Free
USR_0335,2025-07-05,Creator_Referral,Pro
USR_0336,2026-03-09,Paid_Social,Free
USR_0337,2025-05-31,Search_Ads,Free
USR_0338,2026-04-15,Creator_Referral,Free
USR_0339,2025-05-20,Creator_Referral,Free
USR_0340,2026-06-14,Organic,Pro
USR_0341,2025-07-10,Organic,Free
USR_0342,2026-06-20,Organic,Free
USR_0343,2026-05-08,Paid_Social,Free
USR_0344,2026-03-02,Organic,Free
USR_0345,2026-05-02,Paid_Social,Pro
USR_0346,2026-05-06,Organic,Creator_Tier
USR_0347,2026-06-17,Search_Ads,Pro
USR_0348,2025-09-30,Paid_Social,Pro
USR_0349,2026-03-01,Organic,Free
USR_0350,2025-05-31,Organic,Pro
USR_0351,2026-03-10,Organic,Free
USR_0352,2025-08-06,Search_Ads,Free
USR_0353,2026-02-20,Organic,Pro
USR_0354,2026-02-23,Creator_Referral,Free
USR_0355,2026-01-13,Creator_Referral,Pro
USR_0356,2026-02-04,Paid_Social,Pro
USR_0357,2026-04-27,Creator_Referral,Creator_Tier
USR_0358,2026-05-07,Creator_Referral,Free
USR_0359,2026-01-23,Search_Ads,Free
USR_0360,2026-03-04,Organic,Pro
USR_0361,2026-06-13,Paid_Social,Free
USR_0362,2025-06-24,Organic,Free
USR_0363,2025-06-22,Creator_Referral,Pro
USR_0364,2025-05-23,Search_Ads,Creator_Tier
USR_0365,2026-03-24,Paid_Social,Pro
USR_0366,2025-12-23,Paid_Social,Free
USR_0367,2026-04-30,Organic,Free
USR_0368,2026-03-29,Creator_Referral,Free
USR_0369,2025-11-13,Creator_Referral,Free
USR_0370,2026-06-04,Creator_Referral,Free
USR_0371,2026-04-26,Creator_Referral,Free
USR_0372,2025-10-10,Organic,Free
USR_0373,2025-11-28,Organic,Free
USR_0374,2025-11-03,Organic,Free
USR_0375,2025-07-26,Creator_Referral,Free
USR_0376,2025-07-19,Organic,Free
USR_0377,2026-06-14,Search_Ads,Pro
USR_0378,2026-01-01,Paid_Social,Free
USR_0379,2025-12-07,Organic,Pro
USR_0380,2026-04-16,Paid_Social,Free
USR_0381,2026-02-15,Paid_Social,Free
USR_0382,2026-06-14,Organic,Free
USR_0383,2026-05-01,Organic,Free
USR_0384,2026-01-18,Organic,Free
USR_0385,2025-12-04,Organic,Pro
USR_0386,2026-06-27,Paid_Social,Creator_Tier
USR_0387,2026-04-12,Search_Ads,Free
USR_0388,2026-06-18,Organic,Free
USR_0389,2025-06-23,Paid_Social,Pro
USR_0390,2026-05-22,Organic,Free
USR_0391,2026-03-17,Creator_Referral,Free
USR_0392,2025-06-26,Paid_Social,Pro
USR_0393,2026-02-28,Creator_Referral,Free
USR_0394,2026-04-02,Organic,Pro
USR_0395,2025-01-31,Creator_Referral,Free
USR_0396,2026-01-08,Search_Ads,Free
USR_0397,2026-05-15,Organic,Free
USR_0398,2025-10-24,Organic,Pro
USR_0399,2026-01-09,Organic,Free
USR_0400,2026-01-03,Creator_Referral,Pro
USR_0401,2025-10-28,Creator_Referral,Pro
USR_0402,2026-06-09,Paid_Social,Pro
USR_0403,2026-05-02,Paid_Social,Free
USR_0404,2025-06-15,Search_Ads,Free
USR_0405,2026-06-30,Paid_Social,Free
USR_0406,2026-05-30,Organic,Free
USR_0407,2025-10-18,Creator_Referral,Creator_Tier
USR_0408,2026-05-18,Organic,Free
USR_0409,2025-06-11,Organic,Pro
USR_0410,2026-06-30,Search_Ads,Free
USR_0411,2026-03-27,Paid_Social,Free
USR_0412,2026-03-22,Search_Ads,Free
USR_0413,2025-05-26,Creator_Referral,Pro
USR_0414,2026-06-04,Creator_Referral,Free
USR_0415,2025-03-05,Creator_Referral,Free
USR_0416,2025-09-22,Organic,Pro
USR_0417,2025-07-15,Organic,Free
USR_0418,2026-04-30,Creator_Referral,Free
USR_0419,2025-08-26,Organic,Free
USR_0420,2026-06-07,Search_Ads,Free
USR_0421,2026-03-24,Organic,Free
USR_0422,2025-03-17,Organic,Free
USR_0423,2025-01-15,Paid_Social,Free
USR_0424,2025-04-09,Organic,Free
USR_0425,2026-03-06,Search_Ads,Free
USR_0426,2026-05-08,Paid_Social,Free
USR_0427,2025-09-21,Organic,Free
USR_0428,2026-05-21,Paid_Social,Free
USR_0429,2025-04-17,Paid_Social,Free
USR_0430,2026-05-08,Paid_Social,Free
USR_0431,2026-06-12,Paid_Social,Free
USR_0432,2026-04-29,Paid_Social,Creator_Tier
USR_0433,2026-04-06,Creator_Referral,Pro
USR_0434,2026-05-18,Organic,Free
USR_0435,2025-03-23,Paid_Social,Free
USR_0436,2025-08-28,Search_Ads,Free
USR_0437,2025-06-29,Creator_Referral,Pro
USR_0438,2026-01-28,Paid_Social,Free
USR_0439,2026-04-21,Creator_Referral,Free
USR_0440,2026-03-15,Paid_Social,Free
USR_0441,2026-05-22,Search_Ads,Free
USR_0442,2025-07-25,Organic,Free
USR_0443,2026-04-18,Organic,Pro
USR_0444,2025-08-22,Creator_Referral,Creator_Tier
USR_0445,2025-10-10,Creator_Referral,Free
USR_0446,2026-04-10,Creator_Referral,Free
USR_0447,2026-06-25,Organic,Free
USR_0448,2026-03-08,Creator_Referral,Free
USR_0449,2025-04-13,Creator_Referral,Free
USR_0450,2026-03-10,Creator_Referral,Free
USR_0451,2025-03-26,Paid_Social,Pro
USR_0452,2026-05-31,Paid_Social,Creator_Tier
USR_0453,2026-04-10,Paid_Social,Pro
USR_0454,2025-08-07,Paid_Social,Pro
USR_0455,2025-05-27,Paid_Social,Free
USR_0456,2025-08-15,Creator_Referral,Free
USR_0457,2026-06-25,Paid_Social,Free
USR_0458,2026-01-09,Organic,Free
USR_0459,2026-05-03,Organic,Free
USR_0460,2026-03-17,Creator_Referral,Pro
USR_0461,2026-02-23,Search_Ads,Free
USR_0462,2025-07-16,Paid_Social,Free
USR_0463,2026-06-17,Organic,Free
USR_0464,2025-10-27,Creator_Referral,Creator_Tier
USR_0465,2026-02-25,Organic,Free
USR_0466,2026-04-07,Paid_Social,Free
USR_0467,2026-03-21,Paid_Social,Free
USR_0468,2026-06-15,Creator_Referral,Pro
USR_0469,2025-07-19,Creator_Referral,Creator_Tier
USR_0470,2026-01-30,Organic,Free
USR_0471,2025-12-17,Creator_Referral,Creator_Tier
USR_0472,2026-01-16,Search_Ads,Free
USR_0473,2025-06-24,Paid_Social,Free
USR_0474,2025-07-07,Creator_Referral,Free
USR_0475,2025-10-14,Creator_Referral,Free
USR_0476,2025-10-29,Organic,Pro
USR_0477,2025-12-27,Organic,Free
USR_0478,2026-03-08,Organic,Free
USR_0479,2026-03-16,Creator_Referral,Pro
USR_0480,2025-12-20,Search_Ads,Creator_Tier
USR_0481,2025-12-19,Creator_Referral,Free
USR_0482,2025-09-08,Organic,Free
USR_0483,2026-02-28,Organic,Pro
USR_0484,2025-11-05,Organic,Free
USR_0485,2025-03-17,Paid_Social,Pro
USR_0486,2025-12-23,Creator_Referral,Free
USR_0487,2026-01-16,Paid_Social,Pro
USR_0488,2025-09-13,Paid_Social,Free
USR_0489,2026-02-23,Organic,Free
USR_0490,2026-02-20,Paid_Social,Free
USR_0491,2026-04-07,Search_Ads,Free
USR_0492,2026-03-21,Creator_Referral,Pro
USR_0493,2026-03-22,Organic,Creator_Tier
USR_0494,2025-11-04,Search_Ads,Free
USR_0495,2026-05-04,Search_Ads,Free
USR_0496,2026-02-14,Creator_Referral,Free
USR_0497,2025-12-29,Creator_Referral,Free
USR_0498,2026-03-13,Organic,Free
USR_0499,2025-11-27,Paid_Social,Pro
USR_0500,2026-01-31,Creator_Referral,Pro
USR_0501,2026-04-18,Organic,Free
USR_0502,2026-06-01,Paid_Social,Free
USR_0503,2026-06-10,Search_Ads,Free
USR_0504,2026-01-28,Paid_Social,Free
USR_0505,2026-02-03,Organic,Free
USR_0506,2026-05-07,Organic,Free
USR_0507,2025-11-03,Search_Ads,Free
USR_0508,2026-05-18,Search_Ads,Free
USR_0509,2026-01-24,Creator_Referral,Pro
USR_0510,2025-06-21,Paid_Social,Free
USR_0511,2025-05-05,Creator_Referral,Free
USR_0512,2026-05-19,Creator_Referral,Free
USR_0513,2025-04-14,Organic,Pro
USR_0514,2025-10-16,Organic,Free
USR_0515,2025-11-13,Organic,Free
USR_0516,2025-08-07,Paid_Social,Free
USR_0517,2025-11-03,Organic,Free
USR_0518,2026-04-20,Organic,Free
USR_0519,2025-02-05,Creator_Referral,Pro
USR_0520,2026-05-15,Organic,Free
USR_0521,2026-05-23,Organic,Free
USR_0522,2025-12-02,Creator_Referral,Free
USR_0523,2025-07-23,Creator_Referral,Pro
USR_0524,2026-03-05,Paid_Social,Pro
USR_0525,2025-06-24,Search_Ads,Pro
USR_0526,2025-11-29,Organic,Free
USR_0527,2026-06-20,Search_Ads,Pro
USR_0528,2026-06-29,Search_Ads,Pro
USR_0529,2026-04-29,Paid_Social,Free
USR_0530,2025-11-01,Paid_Social,Free
USR_0531,2026-04-03,Paid_Social,Pro
USR_0532,2026-04-09,Paid_Social,Free
USR_0533,2025-12-09,Paid_Social,Pro
USR_0534,2026-03-18,Organic,Free
USR_0535,2025-01-28,Search_Ads,Free
USR_0536,2025-09-02,Creator_Referral,Free
USR_0537,2026-02-05,Paid_Social,Pro
USR_0538,2025-07-31,Creator_Referral,Pro
USR_0539,2025-08-02,Organic,Free
USR_0540,2026-05-18,Creator_Referral,Free
USR_0541,2026-06-28,Creator_Referral,Free
USR_0542,2026-02-17,Creator_Referral,Free
USR_0543,2026-05-18,Organic,Creator_Tier
USR_0544,2026-06-28,Organic,Free
USR_0545,2025-07-13,Creator_Referral,Free
USR_0546,2026-01-05,Creator_Referral,Free
USR_0547,2025-12-12,Search_Ads,Creator_Tier
USR_0548,2025-05-15,Organic,Free
USR_0549,2026-04-24,Organic,Pro
USR_0550,2025-12-30,Organic,Free
USR_0551,2026-01-14,Creator_Referral,Free
USR_0552,2025-07-21,Creator_Referral,Pro
USR_0553,2025-08-13,Paid_Social,Free
USR_0554,2026-06-06,Search_Ads,Pro
USR_0555,2025-03-30,Organic,Free
USR_0556,2025-09-17,Paid_Social,Pro
USR_0557,2025-10-22,Organic,Pro
USR_0558,2026-01-22,Organic,Pro
USR_0559,2026-02-28,Creator_Referral,Free
USR_0560,2026-01-24,Organic,Pro
USR_0561,2025-05-19,Paid_Social,Creator_Tier
USR_0562,2025-09-24,Paid_Social,Free
USR_0563,2026-05-20,Paid_Social,Free
USR_0564,2026-03-17,Creator_Referral,Pro
USR_0565,2026-03-21,Paid_Social,Free
USR_0566,2026-03-28,Creator_Referral,Pro
USR_0567,2026-04-26,Organic,Pro
USR_0568,2025-04-18,Organic,Free
USR_0569,2025-11-29,Paid_Social,Free
USR_0570,2026-02-10,Search_Ads,Free
USR_0571,2025-11-16,Organic,Free
USR_0572,2026-05-20,Creator_Referral,Pro
USR_0573,2026-01-19,Paid_Social,Free
USR_0574,2026-04-28,Paid_Social,Free
USR_0575,2026-05-22,Creator_Referral,Pro
USR_0576,2026-01-28,Paid_Social,Free
USR_0577,2026-06-07,Paid_Social,Pro
USR_0578,2026-02-28,Search_Ads,Free
USR_0579,2026-05-22,Organic,Free
USR_0580,2025-11-17,Search_Ads,Free
USR_0581,2026-01-26,Organic,Pro
USR_0582,2026-02-07,Paid_Social,Pro
USR_0583,2025-06-10,Organic,Pro
USR_0584,2025-12-14,Organic,Creator_Tier
USR_0585,2026-06-09,Organic,Pro
USR_0586,2026-03-15,Creator_Referral,Pro
USR_0587,2025-08-11,Organic,Free
USR_0588,2025-11-16,Organic,Creator_Tier
USR_0589,2025-08-21,Creator_Referral,Free
USR_0590,2025-02-25,Creator_Referral,Pro
USR_0591,2026-06-12,Paid_Social,Free
USR_0592,2026-01-05,Search_Ads,Free
USR_0593,2025-10-31,Paid_Social,Pro
USR_0594,2026-03-04,Organic,Free
USR_0595,2025-01-20,Organic,Free
USR_0596,2025-10-14,Search_Ads,Creator_Tier
USR_0597,2026-04-08,Organic,Free
USR_0598,2026-03-16,Creator_Referral,Free
USR_0599,2026-06-26,Search_Ads,Free
USR_0600,2026-03-11,Search_Ads,Free
USR_0601,2026-01-17,Creator_Referral,Free
USR_0602,2026-04-26,Paid_Social,Creator_Tier
USR_0603,2026-06-05,Creator_Referral,Creator_Tier
USR_0604,2026-04-13,Paid_Social,Pro
USR_0605,2026-06-21,Organic,Pro
USR_0606,2026-05-02,Organic,Free
USR_0607,2026-05-26,Paid_Social,Pro
USR_0608,2025-06-19,Organic,Free
USR_0609,2026-04-17,Paid_Social,Free
USR_0610,2026-01-02,Creator_Referral,Creator_Tier
USR_0611,2026-02-16,Search_Ads,Pro
USR_0612,2026-03-23,Paid_Social,Free
USR_0613,2026-06-23,Creator_Referral,Pro
USR_0614,2026-06-27,Paid_Social,Free
USR_0615,2025-10-20,Organic,Free
USR_0616,2026-04-17,Creator_Referral,Free
USR_0617,2026-04-22,Organic,Free
USR_0618,2025-11-20,Search_Ads,Free
USR_0619,2025-06-28,Paid_Social,Free
USR_0620,2025-03-24,Search_Ads,Free
USR_0621,2026-05-01,Search_Ads,Free
USR_0622,2026-01-22,Search_Ads,Creator_Tier
USR_0623,2026-06-27,Organic,Free
USR_0624,2026-01-12,Search_Ads,Pro
USR_0625,2026-06-25,Creator_Referral,Free
USR_0626,2025-12-20,Creator_Referral,Free
USR_0627,2026-05-05,Creator_Referral,Pro
USR_0628,2025-05-20,Organic,Free
USR_0629,2026-02-16,Organic,Free
USR_0630,2026-05-08,Organic,Free
USR_0631,2026-06-11,Organic,Free
USR_0632,2026-05-14,Creator_Referral,Free
USR_0633,2025-03-18,Search_Ads,Free
USR_0634,2025-12-02,Paid_Social,Free
USR_0635,2025-04-05,Creator_Referral,Free
USR_0636,2025-06-14,Creator_Referral,Free
USR_0637,2026-03-30,Creator_Referral,Free
USR_0638,2026-04-11,Organic,Pro
USR_0639,2026-04-30,Paid_Social,Free
USR_0640,2026-05-26,Organic,Free
USR_0641,2026-04-19,Paid_Social,Free
USR_0642,2026-05-08,Paid_Social,Free
USR_0643,2025-04-05,Creator_Referral,Free
USR_0644,2025-09-18,Search_Ads,Free
USR_0645,2026-03-12,Organic,Free
USR_0646,2026-05-24,Search_Ads,Creator_Tier
USR_0647,2025-01-13,Paid_Social,Creator_Tier
USR_0648,2026-02-01,Paid_Social,Free
USR_0649,2026-03-31,Paid_Social,Free
USR_0650,2025-03-06,Paid_Social,Free
USR_0651,2025-12-16,Search_Ads,Pro
USR_0652,2026-06-03,Creator_Referral,Pro
USR_0653,2026-03-29,Paid_Social,Free
USR_0654,2025-09-20,Paid_Social,Free
USR_0655,2026-05-22,Creator_Referral,Free
USR_0656,2025-11-20,Search_Ads,Pro
USR_0657,2026-05-23,Creator_Referral,Pro
USR_0658,2025-10-26,Creator_Referral,Free
USR_0659,2026-03-01,Organic,Free
USR_0660,2025-12-14,Organic,Free
USR_0661,2025-10-13,Paid_Social,Pro
USR_0662,2026-06-01,Creator_Referral,Creator_Tier
USR_0663,2025-08-18,Creator_Referral,Free
USR_0664,2025-05-20,Organic,Free
USR_0665,2025-11-17,Creator_Referral,Free
USR_0666,2026-04-12,Paid_Social,Free
USR_0667,2026-05-09,Search_Ads,Pro
USR_0668,2026-06-30,Organic,Free
USR_0669,2025-10-25,Creator_Referral,Pro
USR_0670,2025-12-19,Creator_Referral,Free
USR_0671,2025-07-09,Paid_Social,Free
USR_0672,2026-02-23,Creator_Referral,Free
USR_0673,2026-06-30,Creator_Referral,Free
USR_0674,2026-04-07,Creator_Referral,Free
USR_0675,2026-03-03,Creator_Referral,Pro
USR_0676,2025-12-12,Creator_Referral,Free
USR_0677,2026-06-08,Creator_Referral,Free
USR_0678,2026-01-25,Paid_Social,Free
USR_0679,2025-07-07,Paid_Social,Free
USR_0680,2025-11-29,Organic,Pro
USR_0681,2025-04-29,Paid_Social,Creator_Tier
USR_0682,2025-08-28,Search_Ads,Free
USR_0683,2025-02-11,Organic,Pro
USR_0684,2026-01-07,Creator_Referral,Pro
USR_0685,2026-03-16,Organic,Creator_Tier
USR_0686,2025-11-18,Paid_Social,Free
USR_0687,2025-12-24,Organic,Free
USR_0688,2026-06-20,Paid_Social,Free
USR_0689,2026-04-23,Organic,Pro
USR_0690,2026-02-11,Creator_Referral,Pro
USR_0691,2025-10-18,Search_Ads,Free
USR_0692,2026-06-04,Creator_Referral,Free
USR_0693,2025-09-19,Search_Ads,Pro
USR_0694,2025-11-09,Search_Ads,Pro
USR_0695,2026-06-07,Search_Ads,Free
USR_0696,2026-02-07,Organic,Pro
USR_0697,2026-04-20,Paid_Social,Free
USR_0698,2026-03-01,Organic,Free
USR_0699,2026-03-23,Creator_Referral,Free
USR_0700,2025-10-26,Search_Ads,Pro
USR_0701,2025-09-23,Paid_Social,Creator_Tier
USR_0702,2025-11-08,Creator_Referral,Free
USR_0703,2025-07-25,Creator_Referral,Free
USR_0704,2026-05-28,Paid_Social,Free
USR_0705,2025-10-17,Paid_Social,Free
USR_0706,2026-02-19,Creator_Referral,Free
USR_0707,2026-05-05,Search_Ads,Free
USR_0708,2026-05-03,Organic,Free
USR_0709,2026-01-01,Organic,Free
USR_0710,2026-01-17,Paid_Social,Free
USR_0711,2026-06-29,Search_Ads,Pro
USR_0712,2026-03-30,Organic,Free
USR_0713,2026-05-12,Organic,Free
USR_0714,2026-06-05,Organic,Creator_Tier
USR_0715,2026-05-04,Search_Ads,Free
USR_0716,2025-08-16,Organic,Free
USR_0717,2026-02-19,Creator_Referral,Free
USR_0718,2025-06-07,Search_Ads,Free
USR_0719,2026-03-22,Organic,Free
USR_0720,2026-06-19,Creator_Referral,Free
USR_0721,2026-01-31,Creator_Referral,Free
USR_0722,2025-12-30,Paid_Social,Free
USR_0723,2025-03-16,Creator_Referral,Free
USR_0724,2026-06-20,Creator_Referral,Free
USR_0725,2025-06-08,Organic,Free
USR_0726,2025-03-24,Paid_Social,Free
USR_0727,2025-09-26,Paid_Social,Pro
USR_0728,2025-04-27,Organic,Free
USR_0729,2026-01-08,Creator_Referral,Free
USR_0730,2026-02-02,Search_Ads,Free
USR_0731,2025-11-02,Organic,Free
USR_0732,2025-04-08,Organic,Creator_Tier
USR_0733,2025-06-16,Creator_Referral,Free
USR_0734,2025-12-08,Organic,Free
USR_0735,2025-04-21,Organic,Creator_Tier
USR_0736,2026-04-06,Creator_Referral,Pro
USR_0737,2025-09-01,Organic,Pro
USR_0738,2025-10-28,Creator_Referral,Free
USR_0739,2025-12-12,Paid_Social,Free
USR_0740,2025-12-22,Creator_Referral,Free
USR_0741,2025-01-05,Organic,Free
USR_0742,2025-06-17,Paid_Social,Free
USR_0743,2026-05-25,Organic,Pro
USR_0744,2025-01-04,Paid_Social,Free
USR_0745,2026-01-29,Creator_Referral,Free
USR_0746,2026-01-22,Paid_Social,Free
USR_0747,2025-11-13,Organic,Free
USR_0748,2025-12-29,Organic,Free
USR_0749,2026-05-02,Creator_Referral,Pro
USR_0750,2026-05-19,Organic,Free
USR_0751,2025-10-04,Organic,Free
USR_0752,2025-11-08,Paid_Social,Free
USR_0753,2025-09-23,Paid_Social,Free
USR_0754,2026-01-18,Organic,Free
USR_0755,2026-04-01,Search_Ads,Creator_Tier
USR_0756,2025-09-15,Paid_Social,Free
USR_0757,2025-11-12,Search_Ads,Free
USR_0758,2026-06-12,Paid_Social,Creator_Tier
USR_0759,2025-04-05,Paid_Social,Free
USR_0760,2026-01-10,Creator_Referral,Creator_Tier
USR_0761,2026-04-10,Paid_Social,Free
USR_0762,2025-07-21,Search_Ads,Free
USR_0763,2025-04-03,Organic,Creator_Tier
USR_0764,2025-07-10,Organic,Free
USR_0765,2026-06-09,Organic,Free
USR_0766,2025-01-24,Search_Ads,Free
USR_0767,2025-08-19,Creator_Referral,Pro
USR_0768,2025-03-09,Paid_Social,Free
USR_0769,2025-06-16,Paid_Social,Free
USR_0770,2026-03-11,Search_Ads,Pro
USR_0771,2025-09-23,Organic,Free
USR_0772,2026-02-21,Paid_Social,Free
USR_0773,2026-03-01,Search_Ads,Free
USR_0774,2026-05-21,Organic,Free
USR_0775,2025-01-13,Paid_Social,Free
USR_0776,2026-05-23,Creator_Referral,Free
USR_0777,2026-03-11,Paid_Social,Free
USR_0778,2025-07-30,Creator_Referral,Free
USR_0779,2026-04-29,Organic,Free
USR_0780,2026-05-23,Organic,Pro
USR_0781,2025-10-01,Organic,Free
USR_0782,2026-06-09,Organic,Creator_Tier
USR_0783,2026-01-08,Paid_Social,Creator_Tier
USR_0784,2026-03-06,Creator_Referral,Free
USR_0785,2026-06-27,Organic,Creator_Tier
USR_0786,2025-11-27,Paid_Social,Pro
USR_0787,2026-05-11,Paid_Social,Free
USR_0788,2025-11-05,Creator_Referral,Pro
USR_0789,2026-05-07,Search_Ads,Free
USR_0790,2026-03-05,Creator_Referral,Pro
USR_0791,2025-09-07,Paid_Social,Free
USR_0792,2025-12-21,Organic,Free
USR_0793,2025-11-05,Paid_Social,Free
USR_0794,2025-05-12,Search_Ads,Creator_Tier
USR_0795,2025-03-06,Paid_Social,Free
USR_0796,2025-11-20,Creator_Referral,Free
USR_0797,2025-02-14,Paid_Social,Free
USR_0798,2025-08-02,Creator_Referral,Free
USR_0799,2026-04-15,Paid_Social,Pro
USR_0800,2026-04-09,Paid_Social,Pro
USR_0801,2026-04-19,Search_Ads,Free
USR_0802,2025-11-05,Creator_Referral,Free
USR_0803,2026-06-02,Organic,Free
USR_0804,2026-03-02,Creator_Referral,Free
USR_0805,2025-06-30,Organic,Pro
USR_0806,2025-07-15,Organic,Pro
USR_0807,2026-04-05,Organic,Free
USR_0808,2025-08-07,Paid_Social,Free
USR_0809,2026-01-29,Organic,Free
USR_0810,2026-06-28,Organic,Free
USR_0811,2025-01-11,Organic,Free
USR_0812,2025-02-09,Search_Ads,Pro
USR_0813,2026-06-29,Paid_Social,Free
USR_0814,2026-02-27,Organic,Creator_Tier
USR_0815,2025-07-01,Organic,Free
USR_0816,2026-06-04,Creator_Referral,Free
USR_0817,2026-05-30,Organic,Free
USR_0818,2026-02-09,Creator_Referral,Free
USR_0819,2026-03-12,Creator_Referral,Free
USR_0820,2025-10-12,Search_Ads,Free
USR_0821,2025-04-07,Organic,Pro
USR_0822,2026-03-02,Paid_Social,Free
USR_0823,2025-10-24,Organic,Pro
USR_0824,2026-03-26,Search_Ads,Pro
USR_0825,2026-05-18,Search_Ads,Free
USR_0826,2025-02-12,Paid_Social,Free
USR_0827,2026-03-03,Creator_Referral,Free
USR_0828,2025-09-16,Organic,Free
USR_0829,2026-05-28,Paid_Social,Pro
USR_0830,2025-09-30,Paid_Social,Creator_Tier
USR_0831,2026-03-08,Organic,Free
USR_0832,2026-02-16,Creator_Referral,Free
USR_0833,2025-12-13,Creator_Referral,Pro
USR_0834,2026-03-31,Paid_Social,Pro
USR_0835,2026-04-15,Paid_Social,Free
USR_0836,2026-02-21,Paid_Social,Pro
USR_0837,2026-04-25,Paid_Social,Free
USR_0838,2026-06-26,Organic,Free
USR_0839,2025-12-24,Creator_Referral,Free
USR_0840,2026-02-01,Organic,Free
USR_0841,2025-01-31,Paid_Social,Pro
USR_0842,2026-05-06,Creator_Referral,Free
USR_0843,2026-02-03,Creator_Referral,Free
USR_0844,2025-12-19,Organic,Free
USR_0845,2025-05-30,Organic,Free
USR_0846,2026-06-02,Creator_Referral,Free
USR_0847,2025-12-13,Organic,Free
USR_0848,2026-04-01,Organic,Pro
USR_0849,2025-07-20,Paid_Social,Free
USR_0850,2026-06-21,Creator_Referral,Pro
USR_0851,2025-08-11,Creator_Referral,Free
USR_0852,2025-08-26,Creator_Referral,Pro
USR_0853,2026-05-24,Paid_Social,Pro
USR_0854,2026-06-08,Organic,Free
USR_0855,2025-09-04,Paid_Social,Free
USR_0856,2026-01-14,Search_Ads,Creator_Tier
USR_0857,2026-04-17,Paid_Social,Free
USR_0858,2026-05-29,Creator_Referral,Free
USR_0859,2025-12-05,Paid_Social,Free
USR_0860,2026-02-02,Creator_Referral,Free
USR_0861,2026-04-20,Creator_Referral,Free
USR_0862,2026-04-17,Creator_Referral,Pro
USR_0863,2026-05-02,Organic,Free
USR_0864,2026-02-22,Organic,Pro
USR_0865,2025-06-10,Creator_Referral,Pro
USR_0866,2026-06-05,Organic,Free
USR_0867,2026-05-26,Creator_Referral,Free
USR_0868,2026-05-07,Creator_Referral,Free
USR_0869,2025-06-05,Search_Ads,Free
USR_0870,2025-08-30,Organic,Free
USR_0871,2026-04-20,Paid_Social,Free
USR_0872,2025-02-22,Creator_Referral,Free
USR_0873,2026-06-25,Organic,Pro
USR_0874,2025-12-04,Organic,Free
USR_0875,2026-04-13,Organic,Free
USR_0876,2026-06-01,Organic,Free
USR_0877,2025-12-13,Organic,Free
USR_0878,2025-11-06,Creator_Referral,Pro
USR_0879,2026-03-07,Creator_Referral,Free
USR_0880,2026-02-26,Organic,Free
USR_0881,2025-12-19,Organic,Free
USR_0882,2026-03-05,Organic,Free
USR_0883,2026-06-14,Creator_Referral,Free
USR_0884,2026-01-13,Organic,Free
USR_0885,2025-08-24,Creator_Referral,Pro
USR_0886,2025-12-05,Organic,Pro
USR_0887,2025-12-12,Organic,Free
USR_0888,2025-07-04,Search_Ads,Pro
USR_0889,2025-07-31,Organic,Free
USR_0890,2026-04-02,Organic,Creator_Tier
USR_0891,2025-11-16,Organic,Free
USR_0892,2026-06-19,Search_Ads,Free
USR_0893,2025-09-24,Paid_Social,Free
USR_0894,2025-06-04,Paid_Social,Free
USR_0895,2026-04-23,Search_Ads,Pro
USR_0896,2026-05-30,Organic,Free
USR_0897,2025-10-14,Search_Ads,Free
USR_0898,2025-08-28,Organic,Free
USR_0899,2025-08-17,Paid_Social,Pro
USR_0900,2026-02-04,Creator_Referral,Pro
USR_0901,2026-01-14,Creator_Referral,Free
USR_0902,2025-10-04,Search_Ads,Free
USR_0903,2025-03-31,Organic,Free
USR_0904,2026-01-19,Search_Ads,Pro
USR_0905,2026-06-20,Creator_Referral,Pro
USR_0906,2026-03-22,Paid_Social,Free
USR_0907,2026-01-24,Search_Ads,Pro
USR_0908,2025-06-16,Organic,Free
USR_0909,2025-09-29,Search_Ads,Pro
USR_0910,2025-10-24,Creator_Referral,Free
USR_0911,2026-04-27,Paid_Social,Free
USR_0912,2026-05-29,Organic,Free
USR_0913,2026-06-05,Creator_Referral,Free
USR_0914,2026-06-27,Paid_Social,Creator_Tier
USR_0915,2026-06-26,Creator_Referral,Free
USR_0916,2026-06-18,Organic,Pro
USR_0917,2025-05-05,Organic,Pro
USR_0918,2025-07-10,Search_Ads,Pro
USR_0919,2025-10-29,Organic,Creator_Tier
USR_0920,2026-02-15,Paid_Social,Free
USR_0921,2025-06-02,Search_Ads,Free
USR_0922,2026-05-20,Organic,Free
USR_0923,2026-03-10,Organic,Free
USR_0924,2026-02-12,Paid_Social,Pro
USR_0925,2025-08-01,Organic,Free
USR_0926,2025-09-30,Creator_Referral,Free
USR_0927,2025-07-29,Paid_Social,Free
USR_0928,2026-05-22,Creator_Referral,Free
USR_0929,2026-02-27,Creator_Referral,Pro
USR_0930,2026-04-18,Paid_Social,Free
USR_0931,2025-10-24,Creator_Referral,Pro
USR_0932,2025-12-02,Organic,Free
USR_0933,2025-12-17,Creator_Referral,Pro
USR_0934,2026-04-25,Search_Ads,Free
USR_0935,2026-04-29,Paid_Social,Free
USR_0936,2025-08-31,Creator_Referral,Free
USR_0937,2026-06-15,Organic,Free
USR_0938,2025-06-25,Organic,Pro
USR_0939,2026-06-03,Organic,Free
USR_0940,2025-06-05,Organic,Free
USR_0941,2025-10-07,Search_Ads,Pro
USR_0942,2026-05-21,Organic,Free
USR_0943,2025-08-12,Paid_Social,Free
USR_0944,2025-12-21,Organic,Creator_Tier
USR_0945,2026-01-06,Organic,Free
USR_0946,2025-09-25,Creator_Referral,Pro
USR_0947,2026-04-10,Organic,Free
USR_0948,2026-05-22,Paid_Social,Pro
USR_0949,2026-05-28,Search_Ads,Pro
USR_0950,2025-11-16,Search_Ads,Pro
USR_0951,2026-02-07,Organic,Free
USR_0952,2025-09-27,Paid_Social,Pro
USR_0953,2025-09-25,Organic,Free
USR_0954,2025-07-29,Search_Ads,Creator_Tier
USR_0955,2026-06-15,Creator_Referral,Free
USR_0956,2026-06-01,Organic,Free
USR_0957,2026-05-01,Organic,Pro
USR_0958,2026-02-02,Organic,Free
USR_0959,2026-01-23,Organic,Free
USR_0960,2026-02-07,Search_Ads,Pro
USR_0961,2026-02-09,Paid_Social,Free
USR_0962,2025-12-30,Search_Ads,Free
USR_0963,2025-07-05,Organic,Free
USR_0964,2025-06-30,Creator_Referral,Free
USR_0965,2026-06-18,Organic,Free
USR_0966,2026-01-19,Creator_Referral,Free
USR_0967,2026-06-18,Organic,Free
USR_0968,2025-07-31,Organic,Free
USR_0969,2026-02-16,Creator_Referral,Free
USR_0970,2025-09-01,Organic,Free
USR_0971,2025-09-30,Creator_Referral,Free
USR_0972,2025-03-07,Paid_Social,Free
USR_0973,2025-06-23,Organic,Free
USR_0974,2026-06-09,Search_Ads,Pro
USR_0975,2025-11-07,Creator_Referral,Free
USR_0976,2026-03-07,Paid_Social,Free
USR_0977,2026-01-12,Paid_Social,Free
USR_0978,2025-12-15,Paid_Social,Free
USR_0979,2026-02-08,Paid_Social,Pro
USR_0980,2025-08-18,Search_Ads,Creator_Tier
USR_0981,2026-06-28,Paid_Social,Creator_Tier
USR_0982,2026-05-13,Organic,Free
USR_0983,2026-04-20,Organic,Free
USR_0984,2026-01-14,Paid_Social,Free
USR_0985,2025-07-23,Organic,Free
USR_0986,2026-06-10,Organic,Free
USR_0987,2025-11-17,Organic,Free
USR_0988,2025-04-07,Creator_Referral,Free
USR_0989,2025-11-18,Organic,Creator_Tier
USR_0990,2026-05-06,Paid_Social,Free
USR_0991,2026-03-12,Paid_Social,Free
USR_0992,2026-04-23,Paid_Social,Pro
USR_0993,2026-05-05,Organic,Pro
USR_0994,2025-09-04,Creator_Referral,Free
USR_0995,2026-06-11,Creator_Referral,Free
USR_0996,2026-01-01,Creator_Referral,Free
USR_0997,2026-03-18,Paid_Social,Free
USR_0998,2025-01-07,Organic,Free
USR_0999,2026-06-29,Search_Ads,Free
USR_1000,2025-10-16,Organic,Free
USR_1001,2025-04-23,Paid_Social,Free
USR_1002,2026-01-09,Creator_Referral,Pro
USR_1003,2025-07-03,Organic,Pro
USR_1004,2025-07-22,Paid_Social,Free
USR_1005,2026-03-16,Organic,Free
USR_1006,2025-12-12,Paid_Social,Free
USR_1007,2026-06-10,Creator_Referral,Pro
USR_1008,2025-11-06,Organic,Pro
USR_1009,2026-04-15,Organic,Pro
USR_1010,2026-01-11,Paid_Social,Free
USR_1011,2026-03-25,Organic,Free
USR_1012,2026-03-04,Search_Ads,Free
USR_1013,2026-01-15,Paid_Social,Free
USR_1014,2026-06-18,Paid_Social,Pro
USR_1015,2025-11-18,Organic,Free
USR_1016,2025-08-10,Paid_Social,Free
USR_1017,2026-03-31,Search_Ads,Free
USR_1018,2026-05-20,Organic,Free
USR_1019,2025-03-23,Organic,Free
USR_1020,2026-01-06,Organic,Free
USR_1021,2026-06-02,Creator_Referral,Creator_Tier
USR_1022,2026-04-22,Paid_Social,Pro
USR_1023,2026-06-28,Creator_Referral,Pro
USR_1024,2026-02-07,Creator_Referral,Free
USR_1025,2026-03-25,Organic,Free
USR_1026,2025-10-28,Organic,Free
USR_1027,2026-06-17,Organic,Free
USR_1028,2025-11-29,Search_Ads,Free
USR_1029,2026-04-19,Paid_Social,Free
USR_1030,2025-12-16,Creator_Referral,Free
USR_1031,2026-02-19,Paid_Social,Free
USR_1032,2026-04-13,Organic,Pro
USR_1033,2026-01-30,Organic,Free
USR_1034,2026-06-06,Organic,Free
USR_1035,2025-12-24,Search_Ads,Free
USR_1036,2026-03-21,Paid_Social,Free
USR_1037,2025-11-18,Paid_Social,Pro
USR_1038,2025-12-19,Organic,Free
USR_1039,2026-01-02,Organic,Pro
USR_1040,2025-06-30,Paid_Social,Pro
USR_1041,2025-05-27,Creator_Referral,Free
USR_1042,2026-03-27,Search_Ads,Free
USR_1043,2026-03-23,Paid_Social,Free
USR_1044,2026-03-26,Creator_Referral,Free
USR_1045,2025-02-16,Paid_Social,Free
USR_1046,2025-11-10,Search_Ads,Creator_Tier
USR_1047,2025-08-25,Creator_Referral,Free
USR_1048,2026-05-01,Paid_Social,Pro
USR_1049,2026-05-25,Search_Ads,Free
USR_1050,2025-09-26,Organic,Creator_Tier
USR_1051,2026-03-27,Search_Ads,Free
USR_1052,2025-07-03,Organic,Free
USR_1053,2025-10-13,Paid_Social,Free
USR_1054,2025-07-11,Paid_Social,Free
USR_1055,2025-10-18,Paid_Social,Pro
USR_1056,2026-03-30,Creator_Referral,Free
USR_1057,2026-06-07,Paid_Social,Free
USR_1058,2025-08-28,Organic,Free
USR_1059,2026-02-11,Organic,Free
USR_1060,2026-04-07,Organic,Free
USR_1061,2026-06-18,Creator_Referral,Free
USR_1062,2026-03-08,Creator_Referral,Free
USR_1063,2025-10-01,Organic,Free
USR_1064,2026-03-13,Search_Ads,Free
USR_1065,2025-11-06,Creator_Referral,Creator_Tier
USR_1066,2026-06-24,Creator_Referral,Free
USR_1067,2025-12-15,Creator_Referral,Free
USR_1068,2026-04-02,Organic,Free
USR_1069,2025-02-22,Paid_Social,Free
USR_1070,2025-12-15,Creator_Referral,Free
USR_1071,2026-05-29,Organic,Free
USR_1072,2026-03-08,Search_Ads,Free
USR_1073,2026-01-03,Paid_Social,Free
USR_1074,2026-06-14,Paid_Social,Free
USR_1075,2026-05-23,Search_Ads,Creator_Tier
USR_1076,2025-11-07,Search_Ads,Free
USR_1077,2026-02-12,Organic,Free
USR_1078,2026-01-22,Paid_Social,Free
USR_1079,2026-03-16,Paid_Social,Free
USR_1080,2025-11-13,Organic,Pro
USR_1081,2025-09-24,Organic,Free
USR_1082,2026-06-08,Organic,Free
USR_1083,2026-06-11,Paid_Social,Free
USR_1084,2026-05-20,Paid_Social,Free
USR_1085,2026-06-25,Paid_Social,Creator_Tier
USR_1086,2026-04-21,Organic,Free
USR_1087,2026-04-27,Organic,Pro
USR_1088,2026-04-26,Creator_Referral,Free
USR_1089,2026-01-19,Creator_Referral,Creator_Tier
USR_1090,2026-01-09,Search_Ads,Free
USR_1091,2025-09-22,Search_Ads,Free
USR_1092,2026-03-20,Search_Ads,Pro
USR_1093,2025-10-21,Search_Ads,Free
USR_1094,2025-10-03,Search_Ads,Free
USR_1095,2026-02-27,Creator_Referral,Creator_Tier
USR_1096,2025-12-20,Organic,Free
USR_1097,2025-09-08,Organic,Pro
USR_1098,2026-05-12,Creator_Referral,Free
USR_1099,2026-05-25,Organic,Pro
USR_1100,2025-08-03,Organic,Pro
USR_1101,2025-01-20,Search_Ads,Free
USR_1102,2025-11-14,Organic,Free
USR_1103,2026-05-07,Search_Ads,Free
USR_1104,2026-05-19,Paid_Social,Free
USR_1105,2025-07-11,Paid_Social,Pro
USR_1106,2026-04-30,Paid_Social,Free
USR_1107,2025-06-20,Organic,Free
USR_1108,2025-12-10,Paid_Social,Free
USR_1109,2026-06-30,Organic,Free
USR_1110,2025-08-22,Search_Ads,Pro
USR_1111,2025-07-24,Organic,Free
USR_1112,2025-12-25,Organic,Free
USR_1113,2026-03-11,Paid_Social,Pro
USR_1114,2026-06-13,Paid_Social,Creator_Tier
USR_1115,2026-06-26,Creator_Referral,Free
USR_1116,2025-05-02,Paid_Social,Creator_Tier
USR_1117,2025-07-10,Organic,Free
USR_1118,2026-05-05,Paid_Social,Pro
USR_1119,2025-10-10,Organic,Free
USR_1120,2026-05-31,Organic,Free
USR_1121,2026-03-26,Organic,Free
USR_1122,2025-06-17,Organic,Free
USR_1123,2026-05-17,Organic,Free
USR_1124,2025-08-10,Creator_Referral,Free
USR_1125,2025-12-26,Organic,Free
USR_1126,2026-02-15,Organic,Free
USR_1127,2026-01-27,Creator_Referral,Free
USR_1128,2026-04-02,Organic,Free
USR_1129,2026-03-22,Paid_Social,Creator_Tier
USR_1130,2026-06-28,Search_Ads,Creator_Tier
USR_1131,2026-06-30,Creator_Referral,Free
USR_1132,2026-02-02,Search_Ads,Free
USR_1133,2025-05-31,Organic,Free
USR_1134,2026-04-16,Organic,Free
USR_1135,2026-06-25,Paid_Social,Pro
USR_1136,2025-11-05,Paid_Social,Free
USR_1137,2026-01-11,Paid_Social,Free
USR_1138,2025-12-26,Organic,Free
USR_1139,2025-04-09,Paid_Social,Free
USR_1140,2026-03-29,Creator_Referral,Pro
USR_1141,2025-11-23,Organic,Free
USR_1142,2026-05-04,Organic,Free
USR_1143,2026-05-17,Search_Ads,Free
USR_1144,2026-05-13,Organic,Creator_Tier
USR_1145,2025-12-22,Paid_Social,Free
USR_1146,2025-11-07,Paid_Social,Pro
USR_1147,2026-04-22,Paid_Social,Pro
USR_1148,2026-05-08,Paid_Social,Free
USR_1149,2026-01-23,Search_Ads,Pro
USR_1150,2026-06-02,Organic,Free
USR_1151,2025-07-15,Organic,Pro
USR_1152,2026-05-30,Creator_Referral,Free
USR_1153,2025-06-01,Creator_Referral,Free
USR_1154,2025-07-23,Organic,Free
USR_1155,2026-02-08,Organic,Free
USR_1156,2025-04-30,Organic,Free
USR_1157,2025-04-11,Organic,Free
USR_1158,2025-01-02,Organic,Free
USR_1159,2025-12-31,Search_Ads,Free
USR_1160,2026-04-30,Organic,Free
USR_1161,2025-03-15,Search_Ads,Creator_Tier
USR_1162,2026-03-22,Search_Ads,Creator_Tier
USR_1163,2026-05-14,Organic,Free
USR_1164,2025-08-04,Paid_Social,Free
USR_1165,2025-07-18,Paid_Social,Free
USR_1166,2026-05-25,Paid_Social,Pro
USR_1167,2026-05-14,Organic,Free
USR_1168,2026-02-10,Organic,Pro
USR_1169,2026-05-13,Organic,Free
USR_1170,2025-05-29,Paid_Social,Free
USR_1171,2025-12-13,Search_Ads,Pro
USR_1172,2026-04-19,Paid_Social,Free
USR_1173,2025-10-02,Paid_Social,Pro
USR_1174,2026-04-23,Search_Ads,Free
USR_1175,2026-01-28,Paid_Social,Free
USR_1176,2026-04-22,Organic,Free
USR_1177,2026-01-12,Search_Ads,Free
USR_1178,2025-11-30,Creator_Referral,Free
USR_1179,2025-09-09,Organic,Free
USR_1180,2025-09-01,Creator_Referral,Free
USR_1181,2026-04-23,Search_Ads,Pro
USR_1182,2025-06-23,Organic,Free
USR_1183,2025-05-21,Creator_Referral,Free
USR_1184,2025-08-10,Organic,Pro
USR_1185,2025-08-09,Organic,Free
USR_1186,2026-05-14,Organic,Pro
USR_1187,2025-12-14,Paid_Social,Free
USR_1188,2026-06-28,Search_Ads,Free
USR_1189,2025-07-10,Organic,Pro
USR_1190,2026-03-23,Organic,Free
USR_1191,2026-01-05,Organic,Free
USR_1192,2025-12-12,Organic,Pro
USR_1193,2026-05-29,Creator_Referral,Free
USR_1194,2026-06-24,Paid_Social,Pro
USR_1195,2026-05-28,Paid_Social,Pro
USR_1196,2025-08-21,Creator_Referral,Creator_Tier
USR_1197,2025-09-10,Creator_Referral,Free
USR_1198,2026-03-24,Organic,Free
USR_1199,2025-10-21,Organic,Pro
USR_1200,2026-04-18,Search_Ads,Free
USR_1201,2026-02-20,Paid_Social,Free
USR_1202,2026-02-15,Search_Ads,Free
USR_1203,2026-05-16,Search_Ads,Free
USR_1204,2026-04-10,Paid_Social,Free
USR_1205,2025-02-28,Search_Ads,Free
USR_1206,2025-04-06,Creator_Referral,Free
USR_1207,2026-03-05,Organic,Free
USR_1208,2026-01-21,Organic,Creator_Tier
USR_1209,2025-10-04,Organic,Free
USR_1210,2025-12-23,Organic,Free
USR_1211,2026-04-25,Creator_Referral,Free
USR_1212,2026-05-15,Paid_Social,Free
USR_1213,2026-02-19,Paid_Social,Creator_Tier
USR_1214,2025-12-08,Creator_Referral,Creator_Tier
USR_1215,2025-10-10,Organic,Free
USR_1216,2026-02-04,Paid_Social,Free
USR_1217,2025-11-03,Creator_Referral,Free
USR_1218,2026-02-20,Organic,Free
USR_1219,2026-03-30,Organic,Free
USR_1220,2025-04-28,Organic,Free
USR_1221,2025-01-03,Organic,Free
USR_1222,2025-09-04,Paid_Social,Free
USR_1223,2026-06-03,Paid_Social,Free
USR_1224,2026-03-20,Paid_Social,Free
USR_1225,2025-08-07,Organic,Free
USR_1226,2026-06-02,Paid_Social,Free
USR_1227,2026-01-14,Paid_Social,Free
USR_1228,2026-01-17,Organic,Free
USR_1229,2026-06-14,Paid_Social,Free
USR_1230,2025-04-20,Creator_Referral,Free
USR_1231,2025-09-06,Creator_Referral,Pro
USR_1232,2026-02-27,Organic,Creator_Tier
USR_1233,2025-08-24,Creator_Referral,Free
USR_1234,2026-03-31,Organic,Free
USR_1235,2025-09-05,Organic,Pro
USR_1236,2025-06-04,Organic,Free
USR_1237,2025-09-01,Search_Ads,Free
USR_1238,2025-12-25,Organic,Free
USR_1239,2025-08-10,Creator_Referral,Free
USR_1240,2025-07-07,Organic,Free
USR_1241,2026-05-24,Search_Ads,Free
USR_1242,2025-11-06,Creator_Referral,Free
USR_1243,2025-11-27,Search_Ads,Free
USR_1244,2025-04-14,Organic,Free
USR_1245,2025-11-25,Organic,Free
USR_1246,2025-10-07,Creator_Referral,Pro
USR_1247,2026-03-08,Organic,Free
USR_1248,2025-08-30,Paid_Social,Free
USR_1249,2026-06-01,Search_Ads,Free
USR_1250,2026-06-12,Creator_Referral,Pro
USR_1251,2025-06-05,Search_Ads,Free
USR_1252,2025-06-12,Creator_Referral,Free
USR_1253,2025-06-20,Organic,Free
USR_1254,2026-03-11,Creator_Referral,Pro
USR_1255,2025-06-26,Organic,Pro
USR_1256,2026-05-22,Paid_Social,Pro
USR_1257,2026-04-24,Organic,Free
USR_1258,2026-05-13,Organic,Free
USR_1259,2026-02-05,Creator_Referral,Free
USR_1260,2026-06-30,Organic,Free
USR_1261,2025-03-29,Organic,Pro
USR_1262,2025-12-16,Paid_Social,Free
USR_1263,2025-11-08,Organic,Free
USR_1264,2026-06-17,Creator_Referral,Pro
USR_1265,2026-02-24,Organic,Free
USR_1266,2026-05-09,Organic,Free
USR_1267,2025-08-05,Organic,Free
USR_1268,2026-06-25,Paid_Social,Pro
USR_1269,2026-01-26,Search_Ads,Creator_Tier
USR_1270,2026-01-24,Organic,Free
USR_1271,2026-06-23,Search_Ads,Creator_Tier
USR_1272,2025-12-06,Creator_Referral,Pro
USR_1273,2025-12-14,Paid_Social,Pro
USR_1274,2026-02-27,Paid_Social,Pro
USR_1275,2025-07-02,Paid_Social,Free
USR_1276,2025-11-07,Paid_Social,Pro
USR_1277,2025-08-22,Creator_Referral,Free
USR_1278,2025-06-08,Creator_Referral,Pro
USR_1279,2026-05-26,Organic,Free
USR_1280,2026-03-01,Organic,Pro
USR_1281,2025-11-26,Paid_Social,Creator_Tier
USR_1282,2025-12-19,Organic,Free
USR_1283,2025-12-29,Organic,Creator_Tier
USR_1284,2026-03-16,Organic,Free
USR_1285,2026-06-12,Organic,Free
USR_1286,2026-06-13,Paid_Social,Free
USR_1287,2025-12-11,Paid_Social,Pro
USR_1288,2025-11-11,Creator_Referral,Free
USR_1289,2026-01-06,Organic,Free
USR_1290,2026-02-21,Creator_Referral,Free
USR_1291,2026-01-11,Creator_Referral,Free
USR_1292,2026-03-24,Paid_Social,Free
USR_1293,2026-02-16,Creator_Referral,Pro
USR_1294,2025-11-07,Creator_Referral,Pro
USR_1295,2025-11-19,Creator_Referral,Pro
USR_1296,2025-12-05,Search_Ads,Free
USR_1297,2025-05-31,Paid_Social,Creator_Tier
USR_1298,2025-08-02,Creator_Referral,Free
USR_1299,2026-04-14,Creator_Referral,Free
USR_1300,2025-12-10,Organic,Free
USR_1301,2025-09-06,Search_Ads,Free
USR_1302,2026-02-19,Organic,Free
USR_1303,2026-04-24,Organic,Pro
USR_1304,2025-10-02,Search_Ads,Free
USR_1305,2026-05-15,Paid_Social,Free
USR_1306,2026-06-12,Organic,Free
USR_1307,2026-03-03,Organic,Creator_Tier
USR_1308,2026-03-28,Organic,Free
USR_1309,2025-04-10,Creator_Referral,Free
USR_1310,2026-06-16,Organic,Free
USR_1311,2025-12-12,Search_Ads,Free
USR_1312,2026-06-11,Search_Ads,Free
USR_1313,2026-02-25,Creator_Referral,Free
USR_1314,2025-01-13,Paid_Social,Free
USR_1315,2025-03-21,Organic,Free
USR_1316,2026-04-01,Organic,Free
USR_1317,2026-02-19,Paid_Social,Free
USR_1318,2025-02-28,Organic,Creator_Tier
USR_1319,2026-04-20,Organic,Free
USR_1320,2026-05-22,Organic,Free
USR_1321,2026-01-25,Organic,Free
USR_1322,2026-01-12,Creator_Referral,Free
USR_1323,2025-01-15,Paid_Social,Pro
USR_1324,2026-05-03,Paid_Social,Free
USR_1325,2025-11-12,Paid_Social,Free
USR_1326,2026-05-30,Paid_Social,Free
USR_1327,2025-12-03,Creator_Referral,Free
USR_1328,2026-02-20,Paid_Social,Creator_Tier
USR_1329,2025-10-10,Creator_Referral,Free
USR_1330,2025-07-29,Organic,Free
USR_1331,2026-04-30,Search_Ads,Pro
USR_1332,2026-01-25,Organic,Pro
USR_1333,2026-02-09,Organic,Free
USR_1334,2026-06-22,Organic,Free
USR_1335,2026-06-21,Creator_Referral,Free
USR_1336,2026-05-23,Creator_Referral,Pro
USR_1337,2025-08-18,Creator_Referral,Pro
USR_1338,2026-03-02,Search_Ads,Pro
USR_1339,2026-05-29,Organic,Pro
USR_1340,2025-12-03,Creator_Referral,Free
USR_1341,2025-06-06,Organic,Free
USR_1342,2026-05-10,Paid_Social,Free
USR_1343,2026-01-19,Organic,Pro
USR_1344,2026-02-20,Organic,Free
USR_1345,2026-06-26,Creator_Referral,Free
USR_1346,2026-03-07,Paid_Social,Free
USR_1347,2025-12-26,Paid_Social,Pro
USR_1348,2025-12-01,Creator_Referral,Pro
USR_1349,2025-12-23,Paid_Social,Pro
USR_1350,2025-06-23,Creator_Referral,Free
USR_1351,2026-05-06,Organic,Creator_Tier
USR_1352,2026-05-18,Organic,Pro
USR_1353,2025-10-18,Organic,Pro
USR_1354,2025-10-29,Organic,Pro
USR_1355,2026-05-28,Creator_Referral,Creator_Tier
USR_1356,2025-02-24,Creator_Referral,Creator_Tier
USR_1357,2026-02-03,Creator_Referral,Free
USR_1358,2026-01-12,Creator_Referral,Free
USR_1359,2026-04-04,Paid_Social,Free
USR_1360,2025-07-31,Paid_Social,Pro
USR_1361,2026-03-28,Organic,Free
USR_1362,2025-12-04,Organic,Free
USR_1363,2026-03-11,Creator_Referral,Free
USR_1364,2025-03-23,Creator_Referral,Creator_Tier
USR_1365,2026-01-11,Organic,Pro
USR_1366,2026-02-04,Organic,Creator_Tier
USR_1367,2025-09-05,Paid_Social,Free
USR_1368,2025-07-12,Paid_Social,Pro
USR_1369,2025-08-19,Organic,Pro
USR_1370,2025-11-19,Creator_Referral,Free
USR_1371,2025-06-02,Search_Ads,Free
USR_1372,2026-06-17,Organic,Creator_Tier
USR_1373,2025-12-17,Search_Ads,Free
USR_1374,2026-05-10,Organic,Free
USR_1375,2026-06-24,Creator_Referral,Pro
USR_1376,2025-05-15,Creator_Referral,Pro
USR_1377,2026-03-22,Organic,Free
USR_1378,2026-05-28,Search_Ads,Pro
USR_1379,2026-03-16,Creator_Referral,Free
USR_1380,2025-12-28,Search_Ads,Pro
USR_1381,2025-12-29,Organic,Free
USR_1382,2025-03-16,Search_Ads,Pro
USR_1383,2026-02-09,Search_Ads,Pro
USR_1384,2026-06-29,Creator_Referral,Free
USR_1385,2026-06-20,Organic,Free
USR_1386,2025-03-23,Paid_Social,Pro
USR_1387,2026-04-09,Creator_Referral,Free
USR_1388,2025-10-28,Search_Ads,Free
USR_1389,2026-06-05,Creator_Referral,Free
USR_1390,2025-03-31,Organic,Creator_Tier
USR_1391,2026-06-14,Organic,Free
USR_1392,2026-05-18,Paid_Social,Free
USR_1393,2025-06-22,Search_Ads,Creator_Tier
USR_1394,2025-04-20,Organic,Free
USR_1395,2026-05-17,Paid_Social,Free
USR_1396,2025-07-25,Search_Ads,Free
USR_1397,2026-02-09,Organic,Free
USR_1398,2026-06-09,Organic,Free
USR_1399,2026-02-21,Paid_Social,Pro
USR_1400,2025-12-14,Paid_Social,Free
USR_1401,2026-01-04,Organic,Pro
USR_1402,2025-04-24,Paid_Social,Free
USR_1403,2026-06-23,Creator_Referral,Free
USR_1404,2025-11-01,Search_Ads,Free
USR_1405,2025-08-19,Search_Ads,Free
USR_1406,2025-10-19,Paid_Social,Pro
USR_1407,2026-06-21,Creator_Referral,Free
USR_1408,2025-05-30,Organic,Free
USR_1409,2026-05-26,Creator_Referral,Free
USR_1410,2026-04-09,Organic,Pro
USR_1411,2026-05-16,Paid_Social,Free
USR_1412,2026-06-24,Organic,Pro
USR_1413,2026-05-19,Creator_Referral,Free
USR_1414,2026-06-16,Organic,Free
USR_1415,2025-07-01,Organic,Pro
USR_1416,2026-05-06,Organic,Free
USR_1417,2026-02-13,Paid_Social,Free
USR_1418,2026-02-12,Paid_Social,Creator_Tier
USR_1419,2026-06-04,Organic,Free
USR_1420,2026-06-23,Search_Ads,Free
USR_1421,2026-04-08,Search_Ads,Free
USR_1422,2026-01-19,Organic,Free
USR_1423,2026-01-09,Paid_Social,Pro
USR_1424,2025-12-09,Creator_Referral,Free
USR_1425,2025-11-27,Organic,Creator_Tier
USR_1426,2025-12-11,Creator_Referral,Free
USR_1427,2025-05-25,Organic,Creator_Tier
USR_1428,2025-05-12,Search_Ads,Pro
USR_1429,2026-05-01,Search_Ads,Creator_Tier
USR_1430,2026-01-04,Paid_Social,Free
USR_1431,2026-06-13,Creator_Referral,Free
USR_1432,2026-03-09,Creator_Referral,Free
USR_1433,2025-03-15,Search_Ads,Pro
USR_1434,2025-07-26,Organic,Free
USR_1435,2025-08-31,Organic,Pro
USR_1436,2026-06-24,Creator_Referral,Free
USR_1437,2025-09-08,Organic,Pro
USR_1438,2026-02-01,Organic,Free
USR_1439,2026-06-14,Organic,Creator_Tier
USR_1440,2026-06-25,Creator_Referral,Free
USR_1441,2025-09-20,Organic,Free
USR_1442,2025-04-05,Organic,Pro
USR_1443,2025-07-23,Organic,Pro
USR_1444,2025-04-24,Creator_Referral,Pro
USR_1445,2025-08-23,Search_Ads,Creator_Tier
USR_1446,2026-02-21,Organic,Free
USR_1447,2026-06-08,Paid_Social,Pro
USR_1448,2026-02-10,Paid_Social,Free
USR_1449,2026-03-13,Organic,Free
USR_1450,2025-08-28,Paid_Social,Free
USR_1451,2026-05-07,Paid_Social,Free
USR_1452,2026-03-11,Creator_Referral,Free
USR_1453,2026-05-26,Organic,Pro
USR_1454,2026-06-17,Organic,Free
USR_1455,2025-11-20,Search_Ads,Creator_Tier
USR_1456,2025-05-26,Paid_Social,Free
USR_1457,2025-09-13,Search_Ads,Free
USR_1458,2026-01-01,Search_Ads,Free
USR_1459,2026-06-17,Organic,Free
USR_1460,2025-12-05,Paid_Social,Free
USR_1461,2026-04-29,Creator_Referral,Pro
USR_1462,2026-02-11,Paid_Social,Free
USR_1463,2025-08-15,Organic,Free
USR_1464,2025-11-07,Organic,Pro
USR_1465,2026-03-23,Paid_Social,Free
USR_1466,2026-03-29,Paid_Social,Pro
USR_1467,2025-12-30,Paid_Social,Pro
USR_1468,2025-09-15,Organic,Free
USR_1469,2026-04-14,Organic,Free
USR_1470,2025-08-04,Search_Ads,Free
USR_1471,2026-06-14,Creator_Referral,Free
USR_1472,2025-08-18,Creator_Referral,Free
USR_1473,2025-06-12,Creator_Referral,Creator_Tier
USR_1474,2026-01-25,Creator_Referral,Free
USR_1475,2026-02-03,Creator_Referral,Pro
USR_1476,2026-01-29,Creator_Referral,Free
USR_1477,2025-12-31,Paid_Social,Free
USR_1478,2026-06-29,Search_Ads,Free
USR_1479,2026-01-21,Search_Ads,Free
USR_1480,2026-01-17,Creator_Referral,Creator_Tier
USR_1481,2025-12-25,Creator_Referral,Free
USR_1482,2025-04-29,Paid_Social,Free
USR_1483,2026-03-02,Paid_Social,Free
USR_1484,2025-09-14,Creator_Referral,Free
USR_1485,2026-03-17,Paid_Social,Pro
USR_1486,2025-04-08,Paid_Social,Creator_Tier
USR_1487,2026-06-26,Paid_Social,Pro
USR_1488,2026-01-14,Paid_Social,Free
USR_1489,2026-06-03,Organic,Free
USR_1490,2026-01-16,Creator_Referral,Pro
USR_1491,2025-04-21,Creator_Referral,Free
USR_1492,2026-05-14,Organic,Pro
USR_1493,2026-03-21,Search_Ads,Free
USR_1494,2026-05-02,Paid_Social,Free
USR_1495,2025-12-28,Organic,Pro
USR_1496,2026-03-17,Paid_Social,Free
USR_1497,2026-05-23,Paid_Social,Creator_Tier
USR_1498,2026-03-15,Paid_Social,Free
USR_1499,2025-11-20,Creator_Referral,Free
USR_1500,2026-03-26,Search_Ads,Free
USR_1501,2026-03-29,Creator_Referral,Free
USR_1502,2026-06-20,Creator_Referral,Free
USR_1503,2025-12-02,Organic,Free
USR_1504,2025-12-26,Paid_Social,Free
USR_1505,2026-05-11,Paid_Social,Pro
USR_1506,2026-01-29,Creator_Referral,Free
USR_1507,2026-04-18,Creator_Referral,Free
USR_1508,2026-01-10,Paid_Social,Free
USR_1509,2025-09-06,Paid_Social,Pro
USR_1510,2026-04-21,Organic,Free
USR_1511,2025-07-04,Search_Ads,Free
USR_1512,2025-08-26,Paid_Social,Free
USR_1513,2026-03-14,Search_Ads,Free
USR_1514,2026-04-22,Search_Ads,Free
USR_1515,2026-06-03,Search_Ads,Free
USR_1516,2025-10-11,Paid_Social,Creator_Tier
USR_1517,2025-06-16,Paid_Social,Free
USR_1518,2026-06-19,Organic,Free
USR_1519,2025-07-24,Creator_Referral,Free
USR_1520,2025-08-25,Paid_Social,Free
USR_1521,2025-10-22,Creator_Referral,Free
USR_1522,2026-02-07,Search_Ads,Free
USR_1523,2026-05-31,Organic,Free
USR_1524,2026-04-26,Creator_Referral,Pro
USR_1525,2026-04-09,Creator_Referral,Free
USR_1526,2025-08-09,Creator_Referral,Creator_Tier
USR_1527,2025-11-25,Organic,Free
USR_1528,2026-01-18,Organic,Free
USR_1529,2025-07-18,Paid_Social,Creator_Tier
USR_1530,2025-10-12,Creator_Referral,Pro
USR_1531,2025-10-31,Organic,Free
USR_1532,2025-07-01,Organic,Pro
USR_1533,2026-02-14,Creator_Referral,Free
USR_1534,2026-04-08,Organic,Free
USR_1535,2025-05-03,Paid_Social,Pro
USR_1536,2026-01-19,Paid_Social,Pro
USR_1537,2026-05-02,Organic,Free
USR_1538,2026-04-22,Creator_Referral,Free
USR_1539,2026-05-12,Organic,Free
USR_1540,2026-01-05,Organic,Free
USR_1541,2026-05-13,Search_Ads,Creator_Tier
USR_1542,2025-09-22,Creator_Referral,Free
USR_1543,2025-11-27,Search_Ads,Free
USR_1544,2025-08-10,Organic,Free
USR_1545,2026-01-13,Organic,Free
USR_1546,2025-12-11,Creator_Referral,Free
USR_1547,2025-09-22,Creator_Referral,Creator_Tier
USR_1548,2026-04-23,Search_Ads,Free
USR_1549,2025-11-03,Organic,Pro
USR_1550,2025-10-11,Search_Ads,Free
USR_1551,2025-07-04,Search_Ads,Free
USR_1552,2026-01-01,Creator_Referral,Free
USR_1553,2025-10-28,Organic,Free
USR_1554,2025-12-01,Creator_Referral,Free
USR_1555,2025-09-19,Organic,Pro
USR_1556,2026-04-26,Paid_Social,Pro
USR_1557,2026-06-12,Creator_Referral,Free
USR_1558,2026-01-25,Search_Ads,Free
USR_1559,2026-03-19,Paid_Social,Pro
USR_1560,2026-05-26,Creator_Referral,Free
USR_1561,2026-06-30,Paid_Social,Creator_Tier
USR_1562,2026-03-09,Creator_Referral,Free
USR_1563,2026-06-02,Search_Ads,Free
USR_1564,2026-06-07,Organic,Free
USR_1565,2026-05-05,Search_Ads,Creator_Tier
USR_1566,2026-01-10,Paid_Social,Free
USR_1567,2025-05-16,Search_Ads,Pro
USR_1568,2025-02-08,Creator_Referral,Free
USR_1569,2026-01-17,Paid_Social,Free
USR_1570,2026-01-24,Organic,Pro
USR_1571,2025-12-18,Paid_Social,Free
USR_1572,2026-02-21,Organic,Free
USR_1573,2026-02-15,Organic,Free
USR_1574,2026-05-18,Creator_Referral,Pro
USR_1575,2025-06-14,Organic,Free
USR_1576,2025-09-13,Creator_Referral,Free
USR_1577,2026-05-05,Paid_Social,Creator_Tier
USR_1578,2026-05-21,Organic,Pro
USR_1579,2026-06-29,Paid_Social,Pro
USR_1580,2026-05-28,Organic,Pro
USR_1581,2026-06-02,Paid_Social,Pro
USR_1582,2025-11-03,Paid_Social,Free
USR_1583,2025-12-16,Creator_Referral,Free
USR_1584,2025-10-09,Paid_Social,Pro
USR_1585,2026-03-07,Search_Ads,Pro
USR_1586,2026-06-15,Paid_Social,Creator_Tier
USR_1587,2025-11-19,Creator_Referral,Free
USR_1588,2026-02-17,Creator_Referral,Free
USR_1589,2025-10-25,Paid_Social,Free
USR_1590,2025-08-05,Organic,Free
USR_1591,2025-08-23,Paid_Social,Free
USR_1592,2025-04-17,Organic,Pro
USR_1593,2026-06-17,Paid_Social,Free
USR_1594,2025-12-16,Organic,Free
USR_1595,2026-05-17,Organic,Free
USR_1596,2026-04-01,Search_Ads,Free
USR_1597,2025-08-21,Search_Ads,Creator_Tier
USR_1598,2025-08-09,Search_Ads,Free
USR_1599,2026-05-11,Search_Ads,Free
USR_1600,2025-10-07,Creator_Referral,Free
USR_1601,2026-06-08,Organic,Free
USR_1602,2025-07-12,Organic,Free
USR_1603,2026-03-31,Creator_Referral,Pro
USR_1604,2026-05-11,Organic,Creator_Tier
USR_1605,2025-09-19,Search_Ads,Free
USR_1606,2025-10-13,Organic,Free
USR_1607,2026-06-21,Organic,Free
USR_1608,2025-10-07,Organic,Free
USR_1609,2025-12-28,Organic,Free
USR_1610,2025-12-29,Organic,Pro
USR_1611,2025-09-30,Paid_Social,Free
USR_1612,2026-04-30,Organic,Pro
USR_1613,2026-04-29,Paid_Social,Free
USR_1614,2025-12-05,Search_Ads,Pro
USR_1615,2026-05-17,Paid_Social,Free
USR_1616,2025-09-05,Paid_Social,Free
USR_1617,2025-01-12,Creator_Referral,Free
USR_1618,2026-02-22,Organic,Pro
USR_1619,2026-06-29,Organic,Free
USR_1620,2025-03-21,Search_Ads,Free
USR_1621,2025-09-01,Paid_Social,Free
USR_1622,2026-02-03,Organic,Free
USR_1623,2026-05-10,Creator_Referral,Free
USR_1624,2025-05-25,Paid_Social,Free
USR_1625,2025-12-13,Paid_Social,Free
USR_1626,2026-04-21,Creator_Referral,Free
USR_1627,2025-12-02,Search_Ads,Pro
USR_1628,2025-08-19,Paid_Social,Pro
USR_1629,2025-08-24,Paid_Social,Free
USR_1630,2025-12-20,Organic,Free
USR_1631,2026-01-18,Organic,Free
USR_1632,2026-05-25,Search_Ads,Free
USR_1633,2026-03-19,Creator_Referral,Free
USR_1634,2026-04-04,Creator_Referral,Free
USR_1635,2026-06-26,Creator_Referral,Free
USR_1636,2025-12-20,Organic,Pro
USR_1637,2025-12-17,Paid_Social,Free
USR_1638,2026-06-11,Organic,Pro
USR_1639,2025-09-26,Paid_Social,Free
USR_1640,2026-04-16,Creator_Referral,Free
USR_1641,2026-04-24,Organic,Free
USR_1642,2025-06-03,Organic,Pro
USR_1643,2026-01-13,Paid_Social,Pro
USR_1644,2025-08-27,Organic,Free
USR_1645,2025-08-16,Organic,Free
USR_1646,2026-01-12,Paid_Social,Free
USR_1647,2025-10-21,Creator_Referral,Free
USR_1648,2026-05-06,Creator_Referral,Free
USR_1649,2026-06-06,Organic,Free
USR_1650,2026-05-08,Search_Ads,Free
USR_1651,2025-10-08,Organic,Pro
USR_1652,2025-10-12,Organic,Free
USR_1653,2025-10-01,Organic,Free
USR_1654,2025-07-08,Organic,Free
USR_1655,2026-06-16,Organic,Free
USR_1656,2025-12-16,Organic,Free
USR_1657,2025-09-12,Organic,Creator_Tier
USR_1658,2026-05-21,Creator_Referral,Pro
USR_1659,2025-12-15,Search_Ads,Free
USR_1660,2025-03-15,Organic,Pro
USR_1661,2025-07-30,Organic,Free
USR_1662,2026-03-18,Search_Ads,Free
USR_1663,2026-05-02,Search_Ads,Free
USR_1664,2025-09-03,Paid_Social,Free
USR_1665,2026-06-09,Organic,Free
USR_1666,2026-05-22,Creator_Referral,Pro
USR_1667,2026-05-21,Organic,Free
USR_1668,2025-09-14,Organic,Pro
USR_1669,2025-04-07,Creator_Referral,Pro
USR_1670,2026-05-26,Creator_Referral,Pro
USR_1671,2025-10-30,Creator_Referral,Free
USR_1672,2026-03-11,Paid_Social,Pro
USR_1673,2026-04-25,Organic,Free
USR_1674,2025-07-02,Organic,Free
USR_1675,2026-05-02,Paid_Social,Free
USR_1676,2026-06-15,Search_Ads,Creator_Tier
USR_1677,2026-04-16,Organic,Free
USR_1678,2026-01-02,Creator_Referral,Free
USR_1679,2026-05-29,Organic,Pro
USR_1680,2026-02-06,Organic,Free
USR_1681,2026-04-21,Paid_Social,Pro
USR_1682,2026-05-13,Organic,Free
USR_1683,2026-04-22,Creator_Referral,Free
USR_1684,2025-10-20,Creator_Referral,Free
USR_1685,2025-06-22,Organic,Free
USR_1686,2025-09-21,Organic,Free
USR_1687,2026-01-27,Organic,Free
USR_1688,2026-01-28,Search_Ads,Free
USR_1689,2026-02-26,Paid_Social,Pro
USR_1690,2025-12-13,Creator_Referral,Pro
USR_1691,2026-05-03,Organic,Free
USR_1692,2026-06-08,Paid_Social,Free
USR_1693,2025-09-26,Organic,Free
USR_1694,2026-04-18,Creator_Referral,Pro
USR_1695,2026-03-31,Paid_Social,Pro
USR_1696,2026-02-04,Creator_Referral,Free
USR_1697,2025-08-19,Organic,Free
USR_1698,2026-05-06,Organic,Creator_Tier
USR_1699,2026-06-20,Organic,Pro
USR_1700,2026-04-14,Creator_Referral,Free
USR_1701,2026-06-09,Search_Ads,Pro
USR_1702,2026-06-26,Organic,Free
USR_1703,2025-11-22,Creator_Referral,Free
USR_1704,2026-03-18,Paid_Social,Pro
USR_1705,2026-01-16,Organic,Free
USR_1706,2026-06-27,Organic,Free
USR_1707,2025-05-30,Organic,Creator_Tier
USR_1708,2025-12-21,Paid_Social,Pro
USR_1709,2026-05-29,Creator_Referral,Free
USR_1710,2025-10-18,Paid_Social,Free
USR_1711,2026-05-04,Search_Ads,Pro
USR_1712,2025-12-07,Paid_Social,Free
USR_1713,2026-06-25,Search_Ads,Creator_Tier
USR_1714,2026-05-31,Paid_Social,Pro
USR_1715,2025-10-27,Search_Ads,Free
USR_1716,2026-04-28,Paid_Social,Free
USR_1717,2025-11-15,Paid_Social,Pro
USR_1718,2026-03-07,Paid_Social,Creator_Tier
USR_1719,2026-03-24,Search_Ads,Free
USR_1720,2026-05-16,Creator_Referral,Free
USR_1721,2025-02-25,Paid_Social,Pro
USR_1722,2025-09-09,Creator_Referral,Free
USR_1723,2026-04-11,Search_Ads,Free
USR_1724,2026-02-19,Creator_Referral,Pro
USR_1725,2026-01-25,Paid_Social,Pro
USR_1726,2025-04-14,Paid_Social,Pro
USR_1727,2025-11-21,Search_Ads,Pro
USR_1728,2026-05-26,Organic,Free
USR_1729,2025-03-08,Paid_Social,Creator_Tier
USR_1730,2025-12-13,Paid_Social,Free
USR_1731,2026-06-16,Search_Ads,Free
USR_1732,2025-04-08,Search_Ads,Pro
USR_1733,2026-04-22,Creator_Referral,Pro
USR_1734,2025-10-03,Creator_Referral,Pro
USR_1735,2026-05-26,Organic,Free
USR_1736,2026-04-21,Search_Ads,Creator_Tier
USR_1737,2026-05-31,Organic,Free
USR_1738,2025-09-06,Paid_Social,Pro
USR_1739,2026-02-07,Paid_Social,Creator_Tier
USR_1740,2026-05-01,Creator_Referral,Free
USR_1741,2025-09-25,Organic,Pro
USR_1742,2025-09-16,Organic,Free
USR_1743,2025-03-01,Search_Ads,Pro
USR_1744,2026-06-20,Creator_Referral,Pro
USR_1745,2026-04-10,Organic,Pro
USR_1746,2026-03-17,Paid_Social,Free
USR_1747,2026-04-21,Organic,Free
USR_1748,2026-02-07,Search_Ads,Creator_Tier
USR_1749,2026-01-17,Organic,Creator_Tier
USR_1750,2026-01-06,Organic,Creator_Tier
USR_1751,2026-03-18,Organic,Free
USR_1752,2025-08-28,Creator_Referral,Free
USR_1753,2026-06-01,Creator_Referral,Pro
USR_1754,2026-05-11,Paid_Social,Pro
USR_1755,2025-11-21,Creator_Referral,Free
USR_1756,2026-02-25,Organic,Free
USR_1757,2025-07-13,Organic,Free
USR_1758,2026-06-23,Organic,Free
USR_1759,2026-06-05,Search_Ads,Free
USR_1760,2026-06-10,Organic,Free
USR_1761,2025-11-12,Search_Ads,Free
USR_1762,2025-08-04,Organic,Creator_Tier
USR_1763,2025-09-04,Organic,Pro
USR_1764,2025-05-26,Organic,Creator_Tier
USR_1765,2025-06-24,Organic,Free
USR_1766,2025-05-04,Paid_Social,Free
USR_1767,2026-06-28,Creator_Referral,Free
USR_1768,2025-05-08,Organic,Free
USR_1769,2025-07-06,Paid_Social,Free
USR_1770,2026-05-15,Paid_Social,Pro
USR_1771,2026-02-25,Search_Ads,Pro
USR_1772,2026-04-30,Search_Ads,Pro
USR_1773,2026-03-15,Paid_Social,Free
USR_1774,2026-05-31,Paid_Social,Free
USR_1775,2026-03-18,Paid_Social,Free
USR_1776,2026-02-04,Creator_Referral,Free
USR_1777,2026-04-11,Paid_Social,Pro
USR_1778,2026-01-05,Organic,Free
USR_1779,2025-11-19,Paid_Social,Pro
USR_1780,2026-01-13,Search_Ads,Free
USR_1781,2025-08-05,Organic,Creator_Tier
USR_1782,2026-05-06,Paid_Social,Creator_Tier
USR_1783,2025-10-04,Search_Ads,Free
USR_1784,2025-07-23,Organic,Pro
USR_1785,2025-09-26,Creator_Referral,Free
USR_1786,2026-05-19,Search_Ads,Pro
USR_1787,2025-11-11,Search_Ads,Pro
USR_1788,2026-04-02,Organic,Pro
USR_1789,2026-05-23,Organic,Pro
USR_1790,2025-05-12,Paid_Social,Free
USR_1791,2026-04-27,Organic,Pro
USR_1792,2025-10-31,Organic,Pro
USR_1793,2025-09-07,Organic,Free
USR_1794,2026-04-03,Organic,Free
USR_1795,2026-06-07,Creator_Referral,Pro
USR_1796,2025-10-24,Paid_Social,Free
USR_1797,2026-02-21,Paid_Social,Free
USR_1798,2025-10-21,Paid_Social,Creator_Tier
USR_1799,2026-02-16,Creator_Referral,Pro
USR_1800,2026-03-12,Organic,Free
USR_1801,2026-03-08,Organic,Free
USR_1802,2026-03-13,Organic,Free
USR_1803,2025-07-08,Organic,Pro
USR_1804,2026-04-05,Organic,Free
USR_1805,2026-03-30,Organic,Free
USR_1806,2026-04-01,Organic,Pro
USR_1807,2025-05-08,Paid_Social,Pro
USR_1808,2026-01-05,Paid_Social,Pro
USR_1809,2025-12-19,Search_Ads,Free
USR_1810,2025-05-22,Paid_Social,Pro
USR_1811,2025-09-11,Creator_Referral,Free
USR_1812,2026-01-02,Organic,Free
USR_1813,2026-04-20,Creator_Referral,Pro
USR_1814,2025-09-20,Organic,Pro
USR_1815,2026-05-16,Creator_Referral,Free
USR_1816,2026-02-13,Creator_Referral,Pro
USR_1817,2026-04-26,Creator_Referral,Free
USR_1818,2026-01-15,Organic,Free
USR_1819,2026-01-26,Paid_Social,Free
USR_1820,2026-03-11,Paid_Social,Free
USR_1821,2026-06-12,Paid_Social,Pro
USR_1822,2026-01-23,Paid_Social,Pro
USR_1823,2026-02-06,Creator_Referral,Pro
USR_1824,2026-03-05,Organic,Free
USR_1825,2026-04-19,Paid_Social,Free
USR_1826,2025-05-05,Creator_Referral,Free
USR_1827,2026-02-01,Organic,Pro
USR_1828,2026-01-19,Organic,Free
USR_1829,2026-06-10,Search_Ads,Free
USR_1830,2026-01-24,Paid_Social,Pro
USR_1831,2026-01-14,Creator_Referral,Pro
USR_1832,2026-06-21,Paid_Social,Free
USR_1833,2026-01-06,Creator_Referral,Free
USR_1834,2025-08-13,Creator_Referral,Pro
USR_1835,2025-09-07,Organic,Free
USR_1836,2025-05-31,Creator_Referral,Free
USR_1837,2025-01-02,Paid_Social,Pro
USR_1838,2025-12-29,Organic,Free
USR_1839,2026-04-28,Paid_Social,Free
USR_1840,2026-04-17,Organic,Free
USR_1841,2025-03-10,Paid_Social,Free
USR_1842,2026-02-22,Paid_Social,Free
USR_1843,2025-07-24,Paid_Social,Free
USR_1844,2026-06-15,Paid_Social,Free
USR_1845,2025-08-03,Search_Ads,Free
USR_1846,2026-03-14,Creator_Referral,Pro
USR_1847,2025-11-09,Paid_Social,Creator_Tier
USR_1848,2026-03-19,Paid_Social,Free
USR_1849,2025-12-21,Organic,Free
USR_1850,2026-04-25,Organic,Pro
USR_1851,2025-09-16,Creator_Referral,Creator_Tier
USR_1852,2026-06-06,Organic,Pro
USR_1853,2026-01-26,Creator_Referral,Free
USR_1854,2026-04-24,Creator_Referral,Free
USR_1855,2026-05-22,Paid_Social,Free
USR_1856,2026-06-30,Organic,Pro
USR_1857,2025-09-12,Paid_Social,Free
USR_1858,2025-10-19,Creator_Referral,Free
USR_1859,2025-09-28,Paid_Social,Free
USR_1860,2025-10-06,Organic,Free
USR_1861,2026-02-26,Creator_Referral,Free
USR_1862,2026-06-29,Organic,Free
USR_1863,2026-06-28,Paid_Social,Free
USR_1864,2026-02-06,Organic,Pro
USR_1865,2026-03-18,Search_Ads,Pro
USR_1866,2026-05-24,Organic,Free
USR_1867,2026-06-13,Creator_Referral,Pro
USR_1868,2025-08-29,Organic,Pro
USR_1869,2026-02-06,Paid_Social,Free
USR_1870,2026-05-17,Creator_Referral,Free
USR_1871,2025-10-28,Creator_Referral,Free
USR_1872,2026-01-02,Organic,Free
USR_1873,2026-06-27,Organic,Free
USR_1874,2026-06-27,Organic,Free
USR_1875,2026-06-06,Search_Ads,Free
USR_1876,2026-05-07,Creator_Referral,Free
USR_1877,2025-10-09,Organic,Free
USR_1878,2025-11-07,Search_Ads,Free
USR_1879,2026-02-13,Organic,Pro
USR_1880,2026-02-18,Creator_Referral,Free
USR_1881,2026-01-28,Paid_Social,Free
USR_1882,2026-03-17,Search_Ads,Free
USR_1883,2025-12-19,Paid_Social,Pro
USR_1884,2026-04-22,Creator_Referral,Creator_Tier
USR_1885,2025-11-13,Search_Ads,Free
USR_1886,2025-11-12,Organic,Free
USR_1887,2025-07-01,Search_Ads,Free
USR_1888,2025-08-19,Paid_Social,Free
USR_1889,2026-05-22,Search_Ads,Pro
USR_1890,2026-01-04,Organic,Free
USR_1891,2025-09-14,Organic,Creator_Tier
USR_1892,2026-04-25,Paid_Social,Free
USR_1893,2026-02-16,Creator_Referral,Free
USR_1894,2025-02-18,Creator_Referral,Pro
USR_1895,2025-11-04,Search_Ads,Free
USR_1896,2025-08-10,Paid_Social,Pro
USR_1897,2026-03-23,Organic,Free
USR_1898,2025-10-13,Creator_Referral,Pro
USR_1899,2025-04-27,Organic,Free
USR_1900,2025-04-13,Organic,Free
USR_1901,2026-02-26,Organic,Pro
USR_1902,2025-02-19,Paid_Social,Free
USR_1903,2026-05-21,Paid_Social,Free
USR_1904,2025-07-25,Creator_Referral,Pro
USR_1905,2026-03-07,Creator_Referral,Free
USR_1906,2026-01-04,Paid_Social,Pro
USR_1907,2026-01-03,Paid_Social,Free
USR_1908,2025-05-05,Search_Ads,Free
USR_1909,2026-05-08,Creator_Referral,Free
USR_1910,2026-06-02,Paid_Social,Free
USR_1911,2025-01-28,Creator_Referral,Creator_Tier
USR_1912,2025-08-11,Creator_Referral,Free
USR_1913,2026-06-05,Search_Ads,Free
USR_1914,2026-02-14,Creator_Referral,Free
USR_1915,2025-07-20,Creator_Referral,Free
USR_1916,2025-08-29,Organic,Free
USR_1917,2026-03-25,Creator_Referral,Pro
USR_1918,2026-04-15,Creator_Referral,Pro
USR_1919,2026-03-04,Paid_Social,Pro
USR_1920,2026-06-18,Creator_Referral,Free
USR_1921,2026-01-24,Organic,Free
USR_1922,2025-10-27,Search_Ads,Free
USR_1923,2026-01-17,Organic,Pro
USR_1924,2025-11-26,Search_Ads,Free
USR_1925,2025-09-12,Organic,Free
USR_1926,2025-04-01,Creator_Referral,Free
USR_1927,2025-11-23,Creator_Referral,Pro
USR_1928,2026-04-10,Paid_Social,Pro
USR_1929,2025-02-13,Organic,Pro
USR_1930,2026-01-01,Search_Ads,Free
USR_1931,2026-03-20,Creator_Referral,Creator_Tier
USR_1932,2026-03-08,Creator_Referral,Free
USR_1933,2026-04-30,Creator_Referral,Free
USR_1934,2026-05-10,Organic,Free
USR_1935,2026-04-11,Creator_Referral,Free
USR_1936,2025-06-08,Organic,Free
USR_1937,2026-01-16,Organic,Free
USR_1938,2026-03-06,Paid_Social,Free
USR_1939,2025-09-25,Creator_Referral,Pro
USR_1940,2025-03-27,Organic,Pro
USR_1941,2025-09-12,Organic,Pro
USR_1942,2026-01-08,Organic,Free
USR_1943,2025-12-21,Organic,Free
USR_1944,2025-08-10,Paid_Social,Pro
USR_1945,2026-05-14,Organic,Free
USR_1946,2026-06-11,Search_Ads,Free
USR_1947,2025-08-28,Organic,Free
USR_1948,2026-06-12,Organic,Pro
USR_1949,2025-02-12,Search_Ads,Free
USR_1950,2026-06-11,Organic,Pro
USR_1951,2026-06-18,Creator_Referral,Free
USR_1952,2025-01-31,Search_Ads,Free
USR_1953,2026-04-26,Search_Ads,Free
USR_1954,2026-06-23,Paid_Social,Free
USR_1955,2026-06-06,Organic,Free
USR_1956,2026-06-23,Creator_Referral,Free
USR_1957,2026-02-14,Search_Ads,Free
USR_1958,2025-05-12,Search_Ads,Free
USR_1959,2026-05-22,Organic,Pro
USR_1960,2026-03-09,Creator_Referral,Free
USR_1961,2026-03-10,Organic,Free
USR_1962,2025-12-23,Organic,Free
USR_1963,2026-02-22,Paid_Social,Free
USR_1964,2025-07-23,Organic,Free
USR_1965,2026-04-19,Organic,Pro
USR_1966,2025-05-09,Organic,Free
USR_1967,2026-04-16,Creator_Referral,Pro
USR_1968,2026-05-21,Organic,Free
USR_1969,2026-01-15,Creator_Referral,Free
USR_1970,2026-01-30,Organic,Pro
USR_1971,2025-11-02,Search_Ads,Free
USR_1972,2026-06-23,Organic,Free
USR_1973,2026-04-17,Creator_Referral,Free
USR_1974,2025-12-01,Organic,Creator_Tier
USR_1975,2025-08-09,Organic,Creator_Tier
USR_1976,2025-09-09,Organic,Free
USR_1977,2026-01-12,Organic,Pro
USR_1978,2026-06-16,Organic,Free
USR_1979,2026-04-18,Creator_Referral,Free
USR_1980,2025-09-06,Paid_Social,Pro
USR_1981,2026-05-24,Organic,Free
USR_1982,2025-12-05,Creator_Referral,Free
USR_1983,2026-05-22,Creator_Referral,Pro
USR_1984,2025-09-23,Organic,Free
USR_1985,2026-03-11,Creator_Referral,Pro
USR_1986,2026-06-12,Organic,Free
USR_1987,2025-10-03,Organic,Free
USR_1988,2026-04-05,Creator_Referral,Free
USR_1989,2026-06-27,Search_Ads,Creator_Tier
USR_1990,2025-07-21,Search_Ads,Free
USR_1991,2025-05-24,Search_Ads,Free
USR_1992,2026-03-29,Creator_Referral,Pro
USR_1993,2025-11-16,Organic,Creator_Tier
USR_1994,2025-05-04,Organic,Creator_Tier
USR_1995,2026-01-16,Organic,Free
USR_1996,2026-04-24,Organic,Free
USR_1997,2025-10-18,Organic,Free
USR_1998,2025-11-14,Creator_Referral,Pro
USR_1999,2026-05-20,Organic,Pro
USR_2000,2026-02-03,Organic,Pro
